,Year,Week,Attendance,Team
7582,2014,1,61292.0,Arizona Cardinals
7583,2014,2,78344.0,Arizona Cardinals
7584,2014,3,61572.0,Arizona Cardinals
7585,2014,4,67582.63539030563,Arizona Cardinals
7586,2014,5,76895.0,Arizona Cardinals
7587,2014,6,61139.0,Arizona Cardinals
7588,2014,7,52101.0,Arizona Cardinals
7589,2014,8,61789.0,Arizona Cardinals
7590,2014,9,85688.0,Arizona Cardinals
7591,2014,10,61363.0,Arizona Cardinals
7592,2014,11,62487.0,Arizona Cardinals
7593,2014,12,68327.0,Arizona Cardinals
7594,2014,13,69557.0,Arizona Cardinals
7595,2014,14,62387.0,Arizona Cardinals
7596,2014,15,55880.0,Arizona Cardinals
7597,2014,16,63806.0,Arizona Cardinals
7598,2014,17,70699.0,Arizona Cardinals
7599,2014,1,70706.0,Atlanta Falcons
7600,2014,2,58574.0,Atlanta Falcons
7601,2014,3,70318.0,Atlanta Falcons
7602,2014,4,52173.0,Atlanta Falcons
7603,2014,5,80307.0,Atlanta Falcons
7604,2014,6,70712.0,Atlanta Falcons
7605,2014,7,71184.0,Atlanta Falcons
7606,2014,8,83532.0,Atlanta Falcons
7607,2014,9,67582.63539030563,Atlanta Falcons
7608,2014,10,57751.0,Atlanta Falcons
7609,2014,11,73314.0,Atlanta Falcons
7610,2014,12,70046.0,Atlanta Falcons
7611,2014,13,69557.0,Atlanta Falcons
7612,2014,14,77512.0,Atlanta Falcons
7613,2014,15,71161.0,Atlanta Falcons
7614,2014,16,73164.0,Atlanta Falcons
7615,2014,17,71015.0,Atlanta Falcons
7616,2014,1,70925.0,Baltimore Ravens
7617,2014,2,71181.0,Baltimore Ravens
7618,2014,3,67407.0,Baltimore Ravens
7619,2014,4,71218.0,Baltimore Ravens
7620,2014,5,65258.0,Baltimore Ravens
7621,2014,6,60041.0,Baltimore Ravens
7622,2014,7,71184.0,Baltimore Ravens
7623,2014,8,55711.0,Baltimore Ravens
7624,2014,9,63971.0,Baltimore Ravens
7625,2014,10,70914.0,Baltimore Ravens
7626,2014,11,67582.63539030563,Baltimore Ravens
7627,2014,12,73373.0,Baltimore Ravens
7628,2014,13,71060.0,Baltimore Ravens
7629,2014,14,70244.0,Baltimore Ravens
7630,2014,15,70801.0,Baltimore Ravens
7631,2014,16,71771.0,Baltimore Ravens
7632,2014,17,71070.0,Baltimore Ravens
7633,2014,1,62425.0,Buffalo Bills
7634,2014,2,69954.0,Buffalo Bills
7635,2014,3,68611.0,Buffalo Bills
7636,2014,4,71756.0,Buffalo Bills
7637,2014,5,62775.0,Buffalo Bills
7638,2014,6,70185.0,Buffalo Bills
7639,2014,7,68477.0,Buffalo Bills
7640,2014,8,78160.0,Buffalo Bills
7641,2014,9,67582.63539030563,Buffalo Bills
7642,2014,10,68119.0,Buffalo Bills
7643,2014,11,71573.0,Buffalo Bills
7644,2014,12,56044.0,Buffalo Bills
7645,2014,13,68576.0,Buffalo Bills
7646,2014,14,76913.0,Buffalo Bills
7647,2014,15,70214.0,Buffalo Bills
7648,2014,16,53436.0,Buffalo Bills
7649,2014,17,68756.0,Buffalo Bills
7650,2014,1,62442.0,Carolina Panthers
7651,2014,2,73586.0,Carolina Panthers
7652,2014,3,73945.0,Carolina Panthers
7653,2014,4,71218.0,Carolina Panthers
7654,2014,5,73659.0,Carolina Panthers
7655,2014,6,57053.0,Carolina Panthers
7656,2014,7,78106.0,Carolina Panthers
7657,2014,8,74042.0,Carolina Panthers
7658,2014,9,73663.0,Carolina Panthers
7659,2014,10,69596.0,Carolina Panthers
7660,2014,11,73314.0,Carolina Panthers
7661,2014,12,67582.63539030563,Carolina Panthers
7662,2014,13,52016.0,Carolina Panthers
7663,2014,14,73006.0,Carolina Panthers
7664,2014,15,72842.0,Carolina Panthers
7665,2014,16,73810.0,Carolina Panthers
7666,2014,17,71015.0,Carolina Panthers
7667,2014,1,62425.0,Chicago Bears
7668,2014,2,70799.0,Chicago Bears
7669,2014,3,78160.0,Chicago Bears
7670,2014,4,61736.0,Chicago Bears
7671,2014,5,73659.0,Chicago Bears
7672,2014,6,70712.0,Chicago Bears
7673,2014,7,62413.0,Chicago Bears
7674,2014,8,68756.0,Chicago Bears
7675,2014,9,67582.63539030563,Chicago Bears
7676,2014,10,78292.0,Chicago Bears
7677,2014,11,61792.0,Chicago Bears
7678,2014,12,61109.0,Chicago Bears
7679,2014,13,64175.0,Chicago Bears
7680,2014,14,61558.0,Chicago Bears
7681,2014,15,60996.0,Chicago Bears
7682,2014,16,61420.0,Chicago Bears
7683,2014,17,52364.0,Chicago Bears
7684,2014,1,70925.0,Cincinnati Bengals
7685,2014,2,58574.0,Cincinnati Bengals
7686,2014,3,56743.0,Cincinnati Bengals
7687,2014,4,67582.63539030563,Cincinnati Bengals
7688,2014,5,68756.0,Cincinnati Bengals
7689,2014,6,57053.0,Cincinnati Bengals
7690,2014,7,66539.0,Cincinnati Bengals
7691,2014,8,55711.0,Cincinnati Bengals
7692,2014,9,60057.0,Cincinnati Bengals
7693,2014,10,65871.0,Cincinnati Bengals
7694,2014,11,73073.0,Cincinnati Bengals
7695,2014,12,71777.0,Cincinnati Bengals
7696,2014,13,56340.0,Cincinnati Bengals
7697,2014,14,65512.0,Cincinnati Bengals
7698,2014,15,67431.0,Cincinnati Bengals
7699,2014,16,66107.0,Cincinnati Bengals
7700,2014,17,64697.0,Cincinnati Bengals
7701,2014,1,64598.0,Cleveland Browns
7702,2014,2,67407.0,Cleveland Browns
7703,2014,3,67407.0,Cleveland Browns
7704,2014,4,67582.63539030563,Cleveland Browns
7705,2014,5,69143.0,Cleveland Browns
7706,2014,6,67431.0,Cleveland Browns
7707,2014,7,61341.0,Cleveland Browns
7708,2014,8,67431.0,Cleveland Browns
7709,2014,9,67431.0,Cleveland Browns
7710,2014,10,65871.0,Cleveland Browns
7711,2014,11,67431.0,Cleveland Browns
7712,2014,12,70046.0,Cleveland Browns
7713,2014,13,68576.0,Cleveland Browns
7714,2014,14,67431.0,Cleveland Browns
7715,2014,15,67431.0,Cleveland Browns
7716,2014,16,73810.0,Cleveland Browns
7717,2014,17,71070.0,Cleveland Browns
7718,2014,1,91174.0,Dallas Cowboys
7719,2014,2,69143.0,Dallas Cowboys
7720,2014,3,58739.0,Dallas Cowboys
7721,2014,4,91176.0,Dallas Cowboys
7722,2014,5,91159.0,Dallas Cowboys
7723,2014,6,68432.0,Dallas Cowboys
7724,2014,7,91028.0,Dallas Cowboys
7725,2014,8,87055.0,Dallas Cowboys
7726,2014,9,85688.0,Dallas Cowboys
7727,2014,10,83603.0,Dallas Cowboys
7728,2014,11,67582.63539030563,Dallas Cowboys
7729,2014,12,80520.0,Dallas Cowboys
7730,2014,13,91379.0,Dallas Cowboys
7731,2014,14,61558.0,Dallas Cowboys
7732,2014,15,69596.0,Dallas Cowboys
7733,2014,16,91899.0,Dallas Cowboys
7734,2014,17,80897.0,Dallas Cowboys
7735,2014,1,76939.0,Denver Broncos
7736,2014,2,76900.0,Denver Broncos
7737,2014,3,68447.0,Denver Broncos
7738,2014,4,67582.63539030563,Denver Broncos
7739,2014,5,76895.0,Denver Broncos
7740,2014,6,78160.0,Denver Broncos
7741,2014,7,77047.0,Denver Broncos
7742,2014,8,76907.0,Denver Broncos
7743,2014,9,68756.0,Denver Broncos
7744,2014,10,54803.0,Denver Broncos
7745,2014,11,59401.0,Denver Broncos
7746,2014,12,76987.0,Denver Broncos
7747,2014,13,76894.0,Denver Broncos
7748,2014,14,76913.0,Denver Broncos
7749,2014,15,68682.0,Denver Broncos
7750,2014,16,66107.0,Denver Broncos
7751,2014,17,76929.0,Denver Broncos
7752,2014,1,64401.0,Detroit Lions
7753,2014,2,73586.0,Detroit Lions
7754,2014,3,62418.0,Detroit Lions
7755,2014,4,78160.0,Detroit Lions
7756,2014,5,62775.0,Detroit Lions
7757,2014,6,52213.0,Detroit Lions
7758,2014,7,63271.0,Detroit Lions
7759,2014,8,83532.0,Detroit Lions
7760,2014,9,67582.63539030563,Detroit Lions
7761,2014,10,63179.0,Detroit Lions
7762,2014,11,62487.0,Detroit Lions
7763,2014,12,68756.0,Detroit Lions
7764,2014,13,64175.0,Detroit Lions
7765,2014,14,61489.0,Detroit Lions
7766,2014,15,62490.0,Detroit Lions
7767,2014,16,61420.0,Detroit Lions
7768,2014,17,78408.0,Detroit Lions
7769,2014,1,68424.0,Green Bay Packers
7770,2014,2,78041.0,Green Bay Packers
7771,2014,3,62418.0,Green Bay Packers
7772,2014,4,61736.0,Green Bay Packers
7773,2014,5,78054.0,Green Bay Packers
7774,2014,6,70875.0,Green Bay Packers
7775,2014,7,78106.0,Green Bay Packers
7776,2014,8,73146.0,Green Bay Packers
7777,2014,9,67582.63539030563,Green Bay Packers
7778,2014,10,78292.0,Green Bay Packers
7779,2014,11,78270.0,Green Bay Packers
7780,2014,12,52386.0,Green Bay Packers
7781,2014,13,78431.0,Green Bay Packers
7782,2014,14,77512.0,Green Bay Packers
7783,2014,15,70214.0,Green Bay Packers
7784,2014,16,64247.0,Green Bay Packers
7785,2014,17,78408.0,Green Bay Packers
7786,2014,1,71770.0,Houston Texans
7787,2014,2,54063.0,Houston Texans
7788,2014,3,77462.0,Houston Texans
7789,2014,4,71756.0,Houston Texans
7790,2014,5,91159.0,Houston Texans
7791,2014,6,71787.0,Houston Texans
7792,2014,7,56375.0,Houston Texans
7793,2014,8,69143.0,Houston Texans
7794,2014,9,71780.0,Houston Texans
7795,2014,10,67582.63539030563,Houston Texans
7796,2014,11,67431.0,Houston Texans
7797,2014,12,71777.0,Houston Texans
7798,2014,13,71714.0,Houston Texans
7799,2014,14,61070.0,Houston Texans
7800,2014,15,65148.0,Houston Texans
7801,2014,16,71771.0,Houston Texans
7802,2014,17,71777.0,Houston Texans
7803,2014,1,76939.0,Indianapolis Colts
7804,2014,2,64871.0,Indianapolis Colts
7805,2014,3,60601.0,Indianapolis Colts
7806,2014,4,64757.0,Indianapolis Colts
7807,2014,5,65258.0,Indianapolis Colts
7808,2014,6,71787.0,Indianapolis Colts
7809,2014,7,66539.0,Indianapolis Colts
7810,2014,8,62479.0,Indianapolis Colts
7811,2014,9,77975.0,Indianapolis Colts
7812,2014,10,67582.63539030563,Indianapolis Colts
7813,2014,11,66751.0,Indianapolis Colts
7814,2014,12,64328.0,Indianapolis Colts
7815,2014,13,65352.0,Indianapolis Colts
7816,2014,14,67431.0,Indianapolis Colts
7817,2014,15,65148.0,Indianapolis Colts
7818,2014,16,91899.0,Indianapolis Colts
7819,2014,17,69143.0,Indianapolis Colts
7820,2014,1,69596.0,Jacksonville Jaguars
7821,2014,2,80037.0,Jacksonville Jaguars
7822,2014,3,60601.0,Jacksonville Jaguars
7823,2014,4,56553.0,Jacksonville Jaguars
7824,2014,5,66198.0,Jacksonville Jaguars
7825,2014,6,69143.0,Jacksonville Jaguars
7826,2014,7,61341.0,Jacksonville Jaguars
7827,2014,8,65633.0,Jacksonville Jaguars
7828,2014,9,60057.0,Jacksonville Jaguars
7829,2014,10,83603.0,Jacksonville Jaguars
7830,2014,11,67582.63539030563,Jacksonville Jaguars
7831,2014,12,64328.0,Jacksonville Jaguars
7832,2014,13,64687.0,Jacksonville Jaguars
7833,2014,14,61070.0,Jacksonville Jaguars
7834,2014,15,70801.0,Jacksonville Jaguars
7835,2014,16,61202.0,Jacksonville Jaguars
7836,2014,17,71777.0,Jacksonville Jaguars
7837,2014,1,73569.0,Kansas City Chiefs
7838,2014,2,76900.0,Kansas City Chiefs
7839,2014,3,70313.0,Kansas City Chiefs
7840,2014,4,76613.0,Kansas City Chiefs
7841,2014,5,70799.0,Kansas City Chiefs
7842,2014,6,67582.63539030563,Kansas City Chiefs
7843,2014,7,65260.0,Kansas City Chiefs
7844,2014,8,75972.0,Kansas City Chiefs
7845,2014,9,74127.0,Kansas City Chiefs
7846,2014,10,68119.0,Kansas City Chiefs
7847,2014,11,76463.0,Kansas City Chiefs
7848,2014,12,52865.0,Kansas City Chiefs
7849,2014,13,76894.0,Kansas City Chiefs
7850,2014,14,62387.0,Kansas City Chiefs
7851,2014,15,72153.0,Kansas City Chiefs
7852,2014,16,60865.0,Kansas City Chiefs
7853,2014,17,73952.0,Kansas City Chiefs
7854,2014,1,70630.0,Miami Dolphins
7855,2014,2,69954.0,Miami Dolphins
7856,2014,3,70313.0,Miami Dolphins
7857,2014,4,83436.0,Miami Dolphins
7858,2014,5,67582.63539030563,Miami Dolphins
7859,2014,6,70875.0,Miami Dolphins
7860,2014,7,62413.0,Miami Dolphins
7861,2014,8,65633.0,Miami Dolphins
7862,2014,9,70222.0,Miami Dolphins
7863,2014,10,63179.0,Miami Dolphins
7864,2014,11,71573.0,Miami Dolphins
7865,2014,12,76987.0,Miami Dolphins
7866,2014,13,78160.0,Miami Dolphins
7867,2014,14,70244.0,Miami Dolphins
7868,2014,15,68756.0,Miami Dolphins
7869,2014,16,66203.0,Miami Dolphins
7870,2014,17,70220.0,Miami Dolphins
7871,2014,1,55919.0,Minnesota Vikings
7872,2014,2,52350.0,Minnesota Vikings
7873,2014,3,73005.0,Minnesota Vikings
7874,2014,4,52173.0,Minnesota Vikings
7875,2014,5,78054.0,Minnesota Vikings
7876,2014,6,52213.0,Minnesota Vikings
7877,2014,7,68477.0,Minnesota Vikings
7878,2014,8,56577.0,Minnesota Vikings
7879,2014,9,52252.0,Minnesota Vikings
7880,2014,10,67582.63539030563,Minnesota Vikings
7881,2014,11,61792.0,Minnesota Vikings
7882,2014,12,52386.0,Minnesota Vikings
7883,2014,13,52016.0,Minnesota Vikings
7884,2014,14,52152.0,Minnesota Vikings
7885,2014,15,62490.0,Minnesota Vikings
7886,2014,16,66203.0,Minnesota Vikings
7887,2014,17,52364.0,Minnesota Vikings
7888,2014,1,70630.0,New England Patriots
7889,2014,2,52350.0,New England Patriots
7890,2014,3,68756.0,New England Patriots
7891,2014,4,76613.0,New England Patriots
7892,2014,5,68756.0,New England Patriots
7893,2014,6,70185.0,New England Patriots
7894,2014,7,68756.0,New England Patriots
7895,2014,8,68756.0,New England Patriots
7896,2014,9,68756.0,New England Patriots
7897,2014,10,67582.63539030563,New England Patriots
7898,2014,11,66751.0,New England Patriots
7899,2014,12,68756.0,New England Patriots
7900,2014,13,78431.0,New England Patriots
7901,2014,14,68815.0,New England Patriots
7902,2014,15,68756.0,New England Patriots
7903,2014,16,78160.0,New England Patriots
7904,2014,17,68756.0,New England Patriots
7905,2014,1,70706.0,New Orleans Saints
7906,2014,2,67407.0,New Orleans Saints
7907,2014,3,73005.0,New Orleans Saints
7908,2014,4,91176.0,New Orleans Saints
7909,2014,5,73004.0,New Orleans Saints
7910,2014,6,67582.63539030563,New Orleans Saints
7911,2014,7,63271.0,New Orleans Saints
7912,2014,8,73146.0,New Orleans Saints
7913,2014,9,73663.0,New Orleans Saints
7914,2014,10,73129.0,New Orleans Saints
7915,2014,11,73073.0,New Orleans Saints
7916,2014,12,73373.0,New Orleans Saints
7917,2014,13,61916.0,New Orleans Saints
7918,2014,14,73006.0,New Orleans Saints
7919,2014,15,60996.0,New Orleans Saints
7920,2014,16,73164.0,New Orleans Saints
7921,2014,17,59952.0,New Orleans Saints
7922,2014,1,64401.0,New York Giants
7923,2014,2,78344.0,New York Giants
7924,2014,3,77462.0,New York Giants
7925,2014,4,80573.0,New York Giants
7926,2014,5,80307.0,New York Giants
7927,2014,6,69596.0,New York Giants
7928,2014,7,91028.0,New York Giants
7929,2014,8,67582.63539030563,New York Giants
7930,2014,9,77975.0,New York Giants
7931,2014,10,68352.0,New York Giants
7932,2014,11,80352.0,New York Giants
7933,2014,12,80520.0,New York Giants
7934,2014,13,64687.0,New York Giants
7935,2014,14,69143.0,New York Giants
7936,2014,15,77628.0,New York Giants
7937,2014,16,55851.0,New York Giants
7938,2014,17,79150.0,New York Giants
7939,2014,1,78160.0,New York Jets
7940,2014,2,78041.0,New York Jets
7941,2014,3,78160.0,New York Jets
7942,2014,4,78160.0,New York Jets
7943,2014,5,63471.0,New York Jets
7944,2014,6,78160.0,New York Jets
7945,2014,7,68756.0,New York Jets
7946,2014,8,78160.0,New York Jets
7947,2014,9,74127.0,New York Jets
7948,2014,10,78160.0,New York Jets
7949,2014,11,67582.63539030563,New York Jets
7950,2014,12,56044.0,New York Jets
7951,2014,13,78160.0,New York Jets
7952,2014,14,52152.0,New York Jets
7953,2014,15,69143.0,New York Jets
7954,2014,16,78160.0,New York Jets
7955,2014,17,70220.0,New York Jets
7956,2014,1,78160.0,Oakland Raiders
7957,2014,2,54063.0,Oakland Raiders
7958,2014,3,68756.0,Oakland Raiders
7959,2014,4,83436.0,Oakland Raiders
7960,2014,5,67582.63539030563,Oakland Raiders
7961,2014,6,53329.0,Oakland Raiders
7962,2014,7,52101.0,Oakland Raiders
7963,2014,8,67431.0,Oakland Raiders
7964,2014,9,68337.0,Oakland Raiders
7965,2014,10,54803.0,Oakland Raiders
7966,2014,11,66720.0,Oakland Raiders
7967,2014,12,52865.0,Oakland Raiders
7968,2014,13,55650.0,Oakland Raiders
7969,2014,14,55300.0,Oakland Raiders
7970,2014,15,72153.0,Oakland Raiders
7971,2014,16,53436.0,Oakland Raiders
7972,2014,17,76929.0,Oakland Raiders
7973,2014,1,69596.0,Philadelphia Eagles
7974,2014,2,64871.0,Philadelphia Eagles
7975,2014,3,69596.0,Philadelphia Eagles
7976,2014,4,70799.0,Philadelphia Eagles
7977,2014,5,69596.0,Philadelphia Eagles
7978,2014,6,69596.0,Philadelphia Eagles
7979,2014,7,67582.63539030563,Philadelphia Eagles
7980,2014,8,61789.0,Philadelphia Eagles
7981,2014,9,71780.0,Philadelphia Eagles
7982,2014,10,69596.0,Philadelphia Eagles
7983,2014,11,78270.0,Philadelphia Eagles
7984,2014,12,69596.0,Philadelphia Eagles
7985,2014,13,91379.0,Philadelphia Eagles
7986,2014,14,69596.0,Philadelphia Eagles
7987,2014,15,69596.0,Philadelphia Eagles
7988,2014,16,78897.0,Philadelphia Eagles
7989,2014,17,79150.0,Philadelphia Eagles
7990,2014,1,64598.0,Pittsburgh Steelers
7991,2014,2,71181.0,Pittsburgh Steelers
7992,2014,3,73945.0,Pittsburgh Steelers
7993,2014,4,62910.0,Pittsburgh Steelers
7994,2014,5,66198.0,Pittsburgh Steelers
7995,2014,6,67431.0,Pittsburgh Steelers
7996,2014,7,56375.0,Pittsburgh Steelers
7997,2014,8,62479.0,Pittsburgh Steelers
7998,2014,9,63971.0,Pittsburgh Steelers
7999,2014,10,78160.0,Pittsburgh Steelers
8000,2014,11,69143.0,Pittsburgh Steelers
8001,2014,12,67582.63539030563,Pittsburgh Steelers
8002,2014,13,61916.0,Pittsburgh Steelers
8003,2014,14,65512.0,Pittsburgh Steelers
8004,2014,15,71161.0,Pittsburgh Steelers
8005,2014,16,60865.0,Pittsburgh Steelers
8006,2014,17,64697.0,Pittsburgh Steelers
8007,2014,1,61292.0,San Diego Chargers
8008,2014,2,67916.0,San Diego Chargers
8009,2014,3,68611.0,San Diego Chargers
8010,2014,4,56553.0,San Diego Chargers
8011,2014,5,63471.0,San Diego Chargers
8012,2014,6,53329.0,San Diego Chargers
8013,2014,7,65260.0,San Diego Chargers
8014,2014,8,76907.0,San Diego Chargers
8015,2014,9,70222.0,San Diego Chargers
8016,2014,10,67582.63539030563,San Diego Chargers
8017,2014,11,66720.0,San Diego Chargers
8018,2014,12,66040.0,San Diego Chargers
8019,2014,13,71060.0,San Diego Chargers
8020,2014,14,68815.0,San Diego Chargers
8021,2014,15,68682.0,San Diego Chargers
8022,2014,16,70699.0,San Diego Chargers
8023,2014,17,73952.0,San Diego Chargers
8024,2014,1,91174.0,San Francisco 49ers
8025,2014,2,70799.0,San Francisco 49ers
8026,2014,3,61572.0,San Francisco 49ers
8027,2014,4,70799.0,San Francisco 49ers
8028,2014,5,70799.0,San Francisco 49ers
8029,2014,6,56851.0,San Francisco 49ers
8030,2014,7,77047.0,San Francisco 49ers
8031,2014,8,67582.63539030563,San Francisco 49ers
8032,2014,9,70799.0,San Francisco 49ers
8033,2014,10,73129.0,San Francisco 49ers
8034,2014,11,80352.0,San Francisco 49ers
8035,2014,12,70799.0,San Francisco 49ers
8036,2014,13,70799.0,San Francisco 49ers
8037,2014,14,55300.0,San Francisco 49ers
8038,2014,15,68526.0,San Francisco 49ers
8039,2014,16,70699.0,San Francisco 49ers
8040,2014,17,70699.0,San Francisco 49ers
8041,2014,1,68424.0,Seattle Seahawks
8042,2014,2,67916.0,Seattle Seahawks
8043,2014,3,68447.0,Seattle Seahawks
8044,2014,4,67582.63539030563,Seattle Seahawks
8045,2014,5,79522.0,Seattle Seahawks
8046,2014,6,68432.0,Seattle Seahawks
8047,2014,7,57855.0,Seattle Seahawks
8048,2014,8,74042.0,Seattle Seahawks
8049,2014,9,68337.0,Seattle Seahawks
8050,2014,10,68352.0,Seattle Seahawks
8051,2014,11,76463.0,Seattle Seahawks
8052,2014,12,68327.0,Seattle Seahawks
8053,2014,13,70799.0,Seattle Seahawks
8054,2014,14,69596.0,Seattle Seahawks
8055,2014,15,68526.0,Seattle Seahawks
8056,2014,16,63806.0,Seattle Seahawks
8057,2014,17,68453.0,Seattle Seahawks
8058,2014,1,55919.0,St. Louis Rams
8059,2014,2,59923.0,St. Louis Rams
8060,2014,3,58739.0,St. Louis Rams
8061,2014,4,67582.63539030563,St. Louis Rams
8062,2014,5,69596.0,St. Louis Rams
8063,2014,6,56851.0,St. Louis Rams
8064,2014,7,57855.0,St. Louis Rams
8065,2014,8,75972.0,St. Louis Rams
8066,2014,9,70799.0,St. Louis Rams
8067,2014,10,61363.0,St. Louis Rams
8068,2014,11,59401.0,St. Louis Rams
8069,2014,12,66040.0,St. Louis Rams
8070,2014,13,55650.0,St. Louis Rams
8071,2014,14,71120.0,St. Louis Rams
8072,2014,15,55880.0,St. Louis Rams
8073,2014,16,55851.0,St. Louis Rams
8074,2014,17,68453.0,St. Louis Rams
8075,2014,1,62442.0,Tampa Bay Buccaneers
8076,2014,2,59923.0,Tampa Bay Buccaneers
8077,2014,3,70318.0,Tampa Bay Buccaneers
8078,2014,4,62910.0,Tampa Bay Buccaneers
8079,2014,5,73004.0,Tampa Bay Buccaneers
8080,2014,6,60041.0,Tampa Bay Buccaneers
8081,2014,7,67582.63539030563,Tampa Bay Buccaneers
8082,2014,8,56577.0,Tampa Bay Buccaneers
8083,2014,9,67431.0,Tampa Bay Buccaneers
8084,2014,10,57751.0,Tampa Bay Buccaneers
8085,2014,11,77442.0,Tampa Bay Buccaneers
8086,2014,12,61109.0,Tampa Bay Buccaneers
8087,2014,13,56340.0,Tampa Bay Buccaneers
8088,2014,14,61489.0,Tampa Bay Buccaneers
8089,2014,15,72842.0,Tampa Bay Buccaneers
8090,2014,16,64247.0,Tampa Bay Buccaneers
8091,2014,17,59952.0,Tampa Bay Buccaneers
8092,2014,1,73569.0,Tennessee Titans
8093,2014,2,69143.0,Tennessee Titans
8094,2014,3,56743.0,Tennessee Titans
8095,2014,4,64757.0,Tennessee Titans
8096,2014,5,69143.0,Tennessee Titans
8097,2014,6,69143.0,Tennessee Titans
8098,2014,7,75227.0,Tennessee Titans
8099,2014,8,69143.0,Tennessee Titans
8100,2014,9,67582.63539030563,Tennessee Titans
8101,2014,10,70914.0,Tennessee Titans
8102,2014,11,69143.0,Tennessee Titans
8103,2014,12,69596.0,Tennessee Titans
8104,2014,13,71714.0,Tennessee Titans
8105,2014,14,69143.0,Tennessee Titans
8106,2014,15,69143.0,Tennessee Titans
8107,2014,16,61202.0,Tennessee Titans
8108,2014,17,69143.0,Tennessee Titans
8109,2014,1,71770.0,Washington Redskins
8110,2014,2,80037.0,Washington Redskins
8111,2014,3,69596.0,Washington Redskins
8112,2014,4,80573.0,Washington Redskins
8113,2014,5,79522.0,Washington Redskins
8114,2014,6,61139.0,Washington Redskins
8115,2014,7,75227.0,Washington Redskins
8116,2014,8,87055.0,Washington Redskins
8117,2014,9,52252.0,Washington Redskins
8118,2014,10,67582.63539030563,Washington Redskins
8119,2014,11,77442.0,Washington Redskins
8120,2014,12,70799.0,Washington Redskins
8121,2014,13,65352.0,Washington Redskins
8122,2014,14,71120.0,Washington Redskins
8123,2014,15,77628.0,Washington Redskins
8124,2014,16,78897.0,Washington Redskins
8125,2014,17,80897.0,Washington Redskins
8126,2015,1,62903.0,Arizona Cardinals
8127,2015,2,62351.0,Arizona Cardinals
8128,2015,3,63663.0,Arizona Cardinals
8129,2015,4,63146.0,Arizona Cardinals
8130,2015,5,60816.0,Arizona Cardinals
8131,2015,6,63846.0,Arizona Cardinals
8132,2015,7,64722.0,Arizona Cardinals
8133,2015,8,67431.0,Arizona Cardinals
8134,2015,9,67582.63539030563,Arizona Cardinals
8135,2015,10,69005.0,Arizona Cardinals
8136,2015,11,64745.0,Arizona Cardinals
8137,2015,12,70799.0,Arizona Cardinals
8138,2015,13,51115.0,Arizona Cardinals
8139,2015,14,64784.0,Arizona Cardinals
8140,2015,15,69596.0,Arizona Cardinals
8141,2015,16,64878.0,Arizona Cardinals
8142,2015,17,64646.0,Arizona Cardinals
8143,2015,1,70516.0,Atlanta Falcons
8144,2015,2,77678.0,Atlanta Falcons
8145,2015,3,90345.0,Atlanta Falcons
8146,2015,4,69904.0,Atlanta Falcons
8147,2015,5,70178.0,Atlanta Falcons
8148,2015,6,73018.0,Atlanta Falcons
8149,2015,7,63329.0,Atlanta Falcons
8150,2015,8,70524.0,Atlanta Falcons
8151,2015,9,70799.0,Atlanta Falcons
8152,2015,10,67582.63539030563,Atlanta Falcons
8153,2015,11,70433.0,Atlanta Falcons
8154,2015,12,70610.0,Atlanta Falcons
8155,2015,13,58221.0,Atlanta Falcons
8156,2015,14,74420.0,Atlanta Falcons
8157,2015,15,64016.0,Atlanta Falcons
8158,2015,16,70981.0,Atlanta Falcons
8159,2015,17,69699.0,Atlanta Falcons
8160,2015,1,76798.0,Baltimore Ravens
8161,2015,2,53500.0,Baltimore Ravens
8162,2015,3,70970.0,Baltimore Ravens
8163,2015,4,63929.0,Baltimore Ravens
8164,2015,5,71046.0,Baltimore Ravens
8165,2015,6,70799.0,Baltimore Ravens
8166,2015,7,64722.0,Baltimore Ravens
8167,2015,8,70829.0,Baltimore Ravens
8168,2015,9,67582.63539030563,Baltimore Ravens
8169,2015,10,70837.0,Baltimore Ravens
8170,2015,11,71105.0,Baltimore Ravens
8171,2015,12,64380.0,Baltimore Ravens
8172,2015,13,64519.0,Baltimore Ravens
8173,2015,14,71179.0,Baltimore Ravens
8174,2015,15,70791.0,Baltimore Ravens
8175,2015,16,71261.0,Baltimore Ravens
8176,2015,17,57254.0,Baltimore Ravens
8177,2015,1,70319.0,Buffalo Bills
8178,2015,2,70858.0,Buffalo Bills
8179,2015,3,64869.0,Buffalo Bills
8180,2015,4,70677.0,Buffalo Bills
8181,2015,5,65670.0,Buffalo Bills
8182,2015,6,69593.0,Buffalo Bills
8183,2015,7,84021.0,Buffalo Bills
8184,2015,8,67582.63539030563,Buffalo Bills
8185,2015,9,70214.0,Buffalo Bills
8186,2015,10,78160.0,Buffalo Bills
8187,2015,11,66829.0,Buffalo Bills
8188,2015,12,72493.0,Buffalo Bills
8189,2015,13,68544.0,Buffalo Bills
8190,2015,14,69596.0,Buffalo Bills
8191,2015,15,80124.0,Buffalo Bills
8192,2015,16,70172.0,Buffalo Bills
8193,2015,17,68670.0,Buffalo Bills
8194,2015,1,60733.0,Carolina Panthers
8195,2015,2,73254.0,Carolina Panthers
8196,2015,3,73402.0,Carolina Panthers
8197,2015,4,57468.0,Carolina Panthers
8198,2015,5,67582.63539030563,Carolina Panthers
8199,2015,6,69020.0,Carolina Panthers
8200,2015,7,74194.0,Carolina Panthers
8201,2015,8,74136.0,Carolina Panthers
8202,2015,9,74461.0,Carolina Panthers
8203,2015,10,63591.0,Carolina Panthers
8204,2015,11,74418.0,Carolina Panthers
8205,2015,12,90909.0,Carolina Panthers
8206,2015,13,73097.0,Carolina Panthers
8207,2015,14,74420.0,Carolina Panthers
8208,2015,15,79436.0,Carolina Panthers
8209,2015,16,70981.0,Carolina Panthers
8210,2015,17,74169.0,Carolina Panthers
8211,2015,1,62442.0,Chicago Bears
8212,2015,2,62351.0,Chicago Bears
8213,2015,3,69002.0,Chicago Bears
8214,2015,4,62409.0,Chicago Bears
8215,2015,5,75799.0,Chicago Bears
8216,2015,6,57648.0,Chicago Bears
8217,2015,7,67582.63539030563,Chicago Bears
8218,2015,8,62311.0,Chicago Bears
8219,2015,9,68033.0,Chicago Bears
8220,2015,10,58653.0,Chicago Bears
8221,2015,11,62483.0,Chicago Bears
8222,2015,12,78488.0,Chicago Bears
8223,2015,13,62088.0,Chicago Bears
8224,2015,14,61026.0,Chicago Bears
8225,2015,15,52421.0,Chicago Bears
8226,2015,16,63734.0,Chicago Bears
8227,2015,17,61177.0,Chicago Bears
8228,2015,1,54500.0,Cincinnati Bengals
8229,2015,2,57579.0,Cincinnati Bengals
8230,2015,3,70970.0,Cincinnati Bengals
8231,2015,4,57498.0,Cincinnati Bengals
8232,2015,5,65004.0,Cincinnati Bengals
8233,2015,6,69593.0,Cincinnati Bengals
8234,2015,7,67582.63539030563,Cincinnati Bengals
8235,2015,8,64750.0,Cincinnati Bengals
8236,2015,9,65816.0,Cincinnati Bengals
8237,2015,10,61381.0,Cincinnati Bengals
8238,2015,11,64745.0,Cincinnati Bengals
8239,2015,12,61022.0,Cincinnati Bengals
8240,2015,13,64775.0,Cincinnati Bengals
8241,2015,14,65564.0,Cincinnati Bengals
8242,2015,15,70799.0,Cincinnati Bengals
8243,2015,16,76868.0,Cincinnati Bengals
8244,2015,17,57254.0,Cincinnati Bengals
8245,2015,1,78160.0,Cleveland Browns
8246,2015,2,67431.0,Cleveland Browns
8247,2015,3,67431.0,Cleveland Browns
8248,2015,4,63710.0,Cleveland Browns
8249,2015,5,71046.0,Cleveland Browns
8250,2015,6,67431.0,Cleveland Browns
8251,2015,7,51523.0,Cleveland Browns
8252,2015,8,67431.0,Cleveland Browns
8253,2015,9,65816.0,Cleveland Browns
8254,2015,10,64402.0,Cleveland Browns
8255,2015,11,67582.63539030563,Cleveland Browns
8256,2015,12,64380.0,Cleveland Browns
8257,2015,13,64775.0,Cleveland Browns
8258,2015,14,63916.0,Cleveland Browns
8259,2015,15,69002.0,Cleveland Browns
8260,2015,16,69115.0,Cleveland Browns
8261,2015,17,66693.0,Cleveland Browns
8262,2015,1,93579.0,Dallas Cowboys
8263,2015,2,69296.0,Dallas Cowboys
8264,2015,3,90345.0,Dallas Cowboys
8265,2015,4,73009.0,Dallas Cowboys
8266,2015,5,93054.0,Dallas Cowboys
8267,2015,6,67582.63539030563,Dallas Cowboys
8268,2015,7,80319.0,Dallas Cowboys
8269,2015,8,91486.0,Dallas Cowboys
8270,2015,9,91827.0,Dallas Cowboys
8271,2015,10,64113.0,Dallas Cowboys
8272,2015,11,65115.0,Dallas Cowboys
8273,2015,12,90909.0,Dallas Cowboys
8274,2015,13,80444.0,Dallas Cowboys
8275,2015,14,78369.0,Dallas Cowboys
8276,2015,15,90345.0,Dallas Cowboys
8277,2015,16,70172.0,Dallas Cowboys
8278,2015,17,90127.0,Dallas Cowboys
8279,2015,1,76798.0,Denver Broncos
8280,2015,2,76404.0,Denver Broncos
8281,2015,3,62920.0,Denver Broncos
8282,2015,4,77029.0,Denver Broncos
8283,2015,5,54500.0,Denver Broncos
8284,2015,6,67431.0,Denver Broncos
8285,2015,7,67582.63539030563,Denver Broncos
8286,2015,8,77075.0,Denver Broncos
8287,2015,9,66894.0,Denver Broncos
8288,2015,10,76973.0,Denver Broncos
8289,2015,11,62483.0,Denver Broncos
8290,2015,12,76970.0,Denver Broncos
8291,2015,13,68631.0,Denver Broncos
8292,2015,14,76824.0,Denver Broncos
8293,2015,15,67234.0,Denver Broncos
8294,2015,16,76868.0,Denver Broncos
8295,2015,17,76844.0,Denver Broncos
8296,2015,1,66093.0,Detroit Lions
8297,2015,2,52319.0,Detroit Lions
8298,2015,3,62920.0,Detroit Lions
8299,2015,4,69005.0,Detroit Lions
8300,2015,5,60816.0,Detroit Lions
8301,2015,6,57648.0,Detroit Lions
8302,2015,7,60231.0,Detroit Lions
8303,2015,8,83624.0,Detroit Lions
8304,2015,9,67582.63539030563,Detroit Lions
8305,2015,10,78526.0,Detroit Lions
8306,2015,11,60202.0,Detroit Lions
8307,2015,12,64445.0,Detroit Lions
8308,2015,13,63207.0,Detroit Lions
8309,2015,14,51202.0,Detroit Lions
8310,2015,15,73017.0,Detroit Lions
8311,2015,16,61313.0,Detroit Lions
8312,2015,17,61177.0,Detroit Lions
8313,2015,1,62442.0,Green Bay Packers
8314,2015,2,78433.0,Green Bay Packers
8315,2015,3,78214.0,Green Bay Packers
8316,2015,4,70799.0,Green Bay Packers
8317,2015,5,78432.0,Green Bay Packers
8318,2015,6,78434.0,Green Bay Packers
8319,2015,7,67582.63539030563,Green Bay Packers
8320,2015,8,77075.0,Green Bay Packers
8321,2015,9,74461.0,Green Bay Packers
8322,2015,10,78526.0,Green Bay Packers
8323,2015,11,52529.0,Green Bay Packers
8324,2015,12,78488.0,Green Bay Packers
8325,2015,13,63207.0,Green Bay Packers
8326,2015,14,78369.0,Green Bay Packers
8327,2015,15,55087.0,Green Bay Packers
8328,2015,16,64878.0,Green Bay Packers
8329,2015,17,78412.0,Green Bay Packers
8330,2015,1,71776.0,Houston Texans
8331,2015,2,73254.0,Houston Texans
8332,2015,3,71718.0,Houston Texans
8333,2015,4,69904.0,Houston Texans
8334,2015,5,71732.0,Houston Texans
8335,2015,6,58085.0,Houston Texans
8336,2015,7,65251.0,Houston Texans
8337,2015,8,71630.0,Houston Texans
8338,2015,9,67582.63539030563,Houston Texans
8339,2015,10,61381.0,Houston Texans
8340,2015,11,71718.0,Houston Texans
8341,2015,12,71778.0,Houston Texans
8342,2015,13,68544.0,Houston Texans
8343,2015,14,71908.0,Houston Texans
8344,2015,15,66083.0,Houston Texans
8345,2015,16,62153.0,Houston Texans
8346,2015,17,71899.0,Houston Texans
8347,2015,1,70319.0,Indianapolis Colts
8348,2015,2,65220.0,Indianapolis Colts
8349,2015,3,65920.0,Indianapolis Colts
8350,2015,4,65609.0,Indianapolis Colts
8351,2015,5,71732.0,Indianapolis Colts
8352,2015,6,66726.0,Indianapolis Colts
8353,2015,7,66420.0,Indianapolis Colts
8354,2015,8,74136.0,Indianapolis Colts
8355,2015,9,66894.0,Indianapolis Colts
8356,2015,10,67582.63539030563,Indianapolis Colts
8357,2015,11,70433.0,Indianapolis Colts
8358,2015,12,65696.0,Indianapolis Colts
8359,2015,13,58701.0,Indianapolis Colts
8360,2015,14,62372.0,Indianapolis Colts
8361,2015,15,66083.0,Indianapolis Colts
8362,2015,16,65482.0,Indianapolis Colts
8363,2015,17,65733.0,Indianapolis Colts
8364,2015,1,60733.0,Jacksonville Jaguars
8365,2015,2,65443.0,Jacksonville Jaguars
8366,2015,3,66829.0,Jacksonville Jaguars
8367,2015,4,65609.0,Jacksonville Jaguars
8368,2015,5,58490.0,Jacksonville Jaguars
8369,2015,6,58085.0,Jacksonville Jaguars
8370,2015,7,84021.0,Jacksonville Jaguars
8371,2015,8,67582.63539030563,Jacksonville Jaguars
8372,2015,9,78160.0,Jacksonville Jaguars
8373,2015,10,70837.0,Jacksonville Jaguars
8374,2015,11,60121.0,Jacksonville Jaguars
8375,2015,12,59477.0,Jacksonville Jaguars
8376,2015,13,57355.0,Jacksonville Jaguars
8377,2015,14,62372.0,Jacksonville Jaguars
8378,2015,15,64016.0,Jacksonville Jaguars
8379,2015,16,73064.0,Jacksonville Jaguars
8380,2015,17,71899.0,Jacksonville Jaguars
8381,2015,1,71776.0,Kansas City Chiefs
8382,2015,2,76404.0,Kansas City Chiefs
8383,2015,3,78214.0,Kansas City Chiefs
8384,2015,4,57498.0,Kansas City Chiefs
8385,2015,5,75799.0,Kansas City Chiefs
8386,2015,6,52480.0,Kansas City Chiefs
8387,2015,7,76365.0,Kansas City Chiefs
8388,2015,8,83624.0,Kansas City Chiefs
8389,2015,9,67582.63539030563,Kansas City Chiefs
8390,2015,10,76973.0,Kansas City Chiefs
8391,2015,11,65837.0,Kansas City Chiefs
8392,2015,12,72493.0,Kansas City Chiefs
8393,2015,13,55010.0,Kansas City Chiefs
8394,2015,14,72314.0,Kansas City Chiefs
8395,2015,15,70791.0,Kansas City Chiefs
8396,2015,16,69115.0,Kansas City Chiefs
8397,2015,17,76114.0,Kansas City Chiefs
8398,2015,1,76512.0,Miami Dolphins
8399,2015,2,65443.0,Miami Dolphins
8400,2015,3,64869.0,Miami Dolphins
8401,2015,4,83986.0,Miami Dolphins
8402,2015,5,67582.63539030563,Miami Dolphins
8403,2015,6,62342.0,Miami Dolphins
8404,2015,7,65251.0,Miami Dolphins
8405,2015,8,66829.0,Miami Dolphins
8406,2015,9,70214.0,Miami Dolphins
8407,2015,10,69596.0,Miami Dolphins
8408,2015,11,65115.0,Miami Dolphins
8409,2015,12,78160.0,Miami Dolphins
8410,2015,13,64519.0,Miami Dolphins
8411,2015,14,65408.0,Miami Dolphins
8412,2015,15,66676.0,Miami Dolphins
8413,2015,16,65482.0,Miami Dolphins
8414,2015,17,62918.0,Miami Dolphins
8415,2015,1,70499.0,Minnesota Vikings
8416,2015,2,52319.0,Minnesota Vikings
8417,2015,3,52400.0,Minnesota Vikings
8418,2015,4,77029.0,Minnesota Vikings
8419,2015,5,67582.63539030563,Minnesota Vikings
8420,2015,6,52480.0,Minnesota Vikings
8421,2015,7,60231.0,Minnesota Vikings
8422,2015,8,62311.0,Minnesota Vikings
8423,2015,9,52406.0,Minnesota Vikings
8424,2015,10,54700.0,Minnesota Vikings
8425,2015,11,52529.0,Minnesota Vikings
8426,2015,12,70610.0,Minnesota Vikings
8427,2015,13,52430.0,Minnesota Vikings
8428,2015,14,64784.0,Minnesota Vikings
8429,2015,15,52421.0,Minnesota Vikings
8430,2015,16,52455.0,Minnesota Vikings
8431,2015,17,78412.0,Minnesota Vikings
8432,2015,1,66829.0,New England Patriots
8433,2015,2,70858.0,New England Patriots
8434,2015,3,66829.0,New England Patriots
8435,2015,4,67582.63539030563,New England Patriots
8436,2015,5,93054.0,New England Patriots
8437,2015,6,66726.0,New England Patriots
8438,2015,7,66829.0,New England Patriots
8439,2015,8,66829.0,New England Patriots
8440,2015,9,66829.0,New England Patriots
8441,2015,10,81061.0,New England Patriots
8442,2015,11,66829.0,New England Patriots
8443,2015,12,76970.0,New England Patriots
8444,2015,13,66829.0,New England Patriots
8445,2015,14,71908.0,New England Patriots
8446,2015,15,66829.0,New England Patriots
8447,2015,16,78160.0,New England Patriots
8448,2015,17,62918.0,New England Patriots
8449,2015,1,62903.0,New Orleans Saints
8450,2015,2,73006.0,New Orleans Saints
8451,2015,3,73402.0,New Orleans Saints
8452,2015,4,73009.0,New Orleans Saints
8453,2015,5,69296.0,New Orleans Saints
8454,2015,6,73018.0,New Orleans Saints
8455,2015,7,66420.0,New Orleans Saints
8456,2015,8,73019.0,New Orleans Saints
8457,2015,9,73075.0,New Orleans Saints
8458,2015,10,75086.0,New Orleans Saints
8459,2015,11,67582.63539030563,New Orleans Saints
8460,2015,12,71778.0,New Orleans Saints
8461,2015,13,73097.0,New Orleans Saints
8462,2015,14,62138.0,New Orleans Saints
8463,2015,15,73017.0,New Orleans Saints
8464,2015,16,73064.0,New Orleans Saints
8465,2015,17,69699.0,New Orleans Saints
8466,2015,1,93579.0,New York Giants
8467,2015,2,77678.0,New York Giants
8468,2015,3,76081.0,New York Giants
8469,2015,4,70677.0,New York Giants
8470,2015,5,78515.0,New York Giants
8471,2015,6,69296.0,New York Giants
8472,2015,7,80319.0,New York Giants
8473,2015,8,73019.0,New York Giants
8474,2015,9,64351.0,New York Giants
8475,2015,10,81061.0,New York Giants
8476,2015,11,67582.63539030563,New York Giants
8477,2015,12,77367.0,New York Giants
8478,2015,13,80898.0,New York Giants
8479,2015,14,65408.0,New York Giants
8480,2015,15,79436.0,New York Giants
8481,2015,16,52455.0,New York Giants
8482,2015,17,78023.0,New York Giants
8483,2015,1,78160.0,New York Jets
8484,2015,2,65220.0,New York Jets
8485,2015,3,78160.0,New York Jets
8486,2015,4,83986.0,New York Jets
8487,2015,5,67582.63539030563,New York Jets
8488,2015,6,78160.0,New York Jets
8489,2015,7,66829.0,New York Jets
8490,2015,8,54700.0,New York Jets
8491,2015,9,78160.0,New York Jets
8492,2015,10,78160.0,New York Jets
8493,2015,11,71718.0,New York Jets
8494,2015,12,78160.0,New York Jets
8495,2015,13,80898.0,New York Jets
8496,2015,14,78160.0,New York Jets
8497,2015,15,90345.0,New York Jets
8498,2015,16,78160.0,New York Jets
8499,2015,17,68670.0,New York Jets
8500,2015,1,54500.0,Oakland Raiders
8501,2015,2,53500.0,Oakland Raiders
8502,2015,3,67431.0,Oakland Raiders
8503,2015,4,62409.0,Oakland Raiders
8504,2015,5,54500.0,Oakland Raiders
8505,2015,6,67582.63539030563,Oakland Raiders
8506,2015,7,67542.0,Oakland Raiders
8507,2015,8,54700.0,Oakland Raiders
8508,2015,9,65520.0,Oakland Raiders
8509,2015,10,54700.0,Oakland Raiders
8510,2015,11,60202.0,Oakland Raiders
8511,2015,12,58075.0,Oakland Raiders
8512,2015,13,55010.0,Oakland Raiders
8513,2015,14,76824.0,Oakland Raiders
8514,2015,15,55087.0,Oakland Raiders
8515,2015,16,54400.0,Oakland Raiders
8516,2015,17,76114.0,Oakland Raiders
8517,2015,1,70516.0,Philadelphia Eagles
8518,2015,2,69296.0,Philadelphia Eagles
8519,2015,3,78160.0,Philadelphia Eagles
8520,2015,4,74767.0,Philadelphia Eagles
8521,2015,5,69296.0,Philadelphia Eagles
8522,2015,6,69296.0,Philadelphia Eagles
8523,2015,7,74194.0,Philadelphia Eagles
8524,2015,8,67582.63539030563,Philadelphia Eagles
8525,2015,9,91827.0,Philadelphia Eagles
8526,2015,10,69596.0,Philadelphia Eagles
8527,2015,11,69596.0,Philadelphia Eagles
8528,2015,12,64445.0,Philadelphia Eagles
8529,2015,13,66829.0,Philadelphia Eagles
8530,2015,14,69596.0,Philadelphia Eagles
8531,2015,15,69596.0,Philadelphia Eagles
8532,2015,16,69596.0,Philadelphia Eagles
8533,2015,17,78023.0,Philadelphia Eagles
8534,2015,1,66829.0,Pittsburgh Steelers
8535,2015,2,66472.0,Pittsburgh Steelers
8536,2015,3,52433.0,Pittsburgh Steelers
8537,2015,4,63929.0,Pittsburgh Steelers
8538,2015,5,67658.0,Pittsburgh Steelers
8539,2015,6,63846.0,Pittsburgh Steelers
8540,2015,7,76365.0,Pittsburgh Steelers
8541,2015,8,64750.0,Pittsburgh Steelers
8542,2015,9,65520.0,Pittsburgh Steelers
8543,2015,10,64402.0,Pittsburgh Steelers
8544,2015,11,67582.63539030563,Pittsburgh Steelers
8545,2015,12,69055.0,Pittsburgh Steelers
8546,2015,13,58701.0,Pittsburgh Steelers
8547,2015,14,65564.0,Pittsburgh Steelers
8548,2015,15,67234.0,Pittsburgh Steelers
8549,2015,16,71261.0,Pittsburgh Steelers
8550,2015,17,66693.0,Pittsburgh Steelers
8551,2015,1,66093.0,San Diego Chargers
8552,2015,2,57579.0,San Diego Chargers
8553,2015,3,52400.0,San Diego Chargers
8554,2015,4,63710.0,San Diego Chargers
8555,2015,5,67658.0,San Diego Chargers
8556,2015,6,78434.0,San Diego Chargers
8557,2015,7,67542.0,San Diego Chargers
8558,2015,8,70829.0,San Diego Chargers
8559,2015,9,68033.0,San Diego Chargers
8560,2015,10,67582.63539030563,San Diego Chargers
8561,2015,11,65837.0,San Diego Chargers
8562,2015,12,59477.0,San Diego Chargers
8563,2015,13,68631.0,San Diego Chargers
8564,2015,14,72314.0,San Diego Chargers
8565,2015,15,66676.0,San Diego Chargers
8566,2015,16,54400.0,San Diego Chargers
8567,2015,17,76844.0,San Diego Chargers
8568,2015,1,70499.0,San Francisco 49ers
8569,2015,2,66472.0,San Francisco 49ers
8570,2015,3,63663.0,San Francisco 49ers
8571,2015,4,70799.0,San Francisco 49ers
8572,2015,5,78515.0,San Francisco 49ers
8573,2015,6,70799.0,San Francisco 49ers
8574,2015,7,70799.0,San Francisco 49ers
8575,2015,8,51207.0,San Francisco 49ers
8576,2015,9,70799.0,San Francisco 49ers
8577,2015,10,67582.63539030563,San Francisco 49ers
8578,2015,11,68993.0,San Francisco 49ers
8579,2015,12,70799.0,San Francisco 49ers
8580,2015,13,62088.0,San Francisco 49ers
8581,2015,14,63916.0,San Francisco 49ers
8582,2015,15,70799.0,San Francisco 49ers
8583,2015,16,61313.0,San Francisco 49ers
8584,2015,17,70799.0,San Francisco 49ers
8585,2015,1,51792.0,Seattle Seahawks
8586,2015,2,78433.0,Seattle Seahawks
8587,2015,3,69002.0,Seattle Seahawks
8588,2015,4,69005.0,Seattle Seahawks
8589,2015,5,65004.0,Seattle Seahawks
8590,2015,6,69020.0,Seattle Seahawks
8591,2015,7,70799.0,Seattle Seahawks
8592,2015,8,91486.0,Seattle Seahawks
8593,2015,9,67582.63539030563,Seattle Seahawks
8594,2015,10,69005.0,Seattle Seahawks
8595,2015,11,68993.0,Seattle Seahawks
8596,2015,12,69055.0,Seattle Seahawks
8597,2015,13,52430.0,Seattle Seahawks
8598,2015,14,71179.0,Seattle Seahawks
8599,2015,15,69002.0,Seattle Seahawks
8600,2015,16,69080.0,Seattle Seahawks
8601,2015,17,64646.0,Seattle Seahawks
8602,2015,1,51792.0,St. Louis Rams
8603,2015,2,72460.0,St. Louis Rams
8604,2015,3,52433.0,St. Louis Rams
8605,2015,4,63146.0,St. Louis Rams
8606,2015,5,78432.0,St. Louis Rams
8607,2015,6,67582.63539030563,St. Louis Rams
8608,2015,7,51523.0,St. Louis Rams
8609,2015,8,51207.0,St. Louis Rams
8610,2015,9,52406.0,St. Louis Rams
8611,2015,10,58653.0,St. Louis Rams
8612,2015,11,71105.0,St. Louis Rams
8613,2015,12,61022.0,St. Louis Rams
8614,2015,13,51115.0,St. Louis Rams
8615,2015,14,51202.0,St. Louis Rams
8616,2015,15,51295.0,St. Louis Rams
8617,2015,16,69080.0,St. Louis Rams
8618,2015,17,70799.0,St. Louis Rams
8619,2015,1,63945.0,Tampa Bay Buccaneers
8620,2015,2,73006.0,Tampa Bay Buccaneers
8621,2015,3,71718.0,Tampa Bay Buccaneers
8622,2015,4,57468.0,Tampa Bay Buccaneers
8623,2015,5,58490.0,Tampa Bay Buccaneers
8624,2015,6,67582.63539030563,Tampa Bay Buccaneers
8625,2015,7,72912.0,Tampa Bay Buccaneers
8626,2015,8,70524.0,Tampa Bay Buccaneers
8627,2015,9,64351.0,Tampa Bay Buccaneers
8628,2015,10,64113.0,Tampa Bay Buccaneers
8629,2015,11,69596.0,Tampa Bay Buccaneers
8630,2015,12,65696.0,Tampa Bay Buccaneers
8631,2015,13,58221.0,Tampa Bay Buccaneers
8632,2015,14,62138.0,Tampa Bay Buccaneers
8633,2015,15,51295.0,Tampa Bay Buccaneers
8634,2015,16,63734.0,Tampa Bay Buccaneers
8635,2015,17,74169.0,Tampa Bay Buccaneers
8636,2015,1,63945.0,Tennessee Titans
8637,2015,2,67431.0,Tennessee Titans
8638,2015,3,65920.0,Tennessee Titans
8639,2015,4,67582.63539030563,Tennessee Titans
8640,2015,5,65670.0,Tennessee Titans
8641,2015,6,62342.0,Tennessee Titans
8642,2015,7,63329.0,Tennessee Titans
8643,2015,8,71630.0,Tennessee Titans
8644,2015,9,73075.0,Tennessee Titans
8645,2015,10,63591.0,Tennessee Titans
8646,2015,11,60121.0,Tennessee Titans
8647,2015,12,58075.0,Tennessee Titans
8648,2015,13,57355.0,Tennessee Titans
8649,2015,14,78160.0,Tennessee Titans
8650,2015,15,66829.0,Tennessee Titans
8651,2015,16,62153.0,Tennessee Titans
8652,2015,17,65733.0,Tennessee Titans
8653,2015,1,76512.0,Washington Redskins
8654,2015,2,72460.0,Washington Redskins
8655,2015,3,76081.0,Washington Redskins
8656,2015,4,74767.0,Washington Redskins
8657,2015,5,70178.0,Washington Redskins
8658,2015,6,78160.0,Washington Redskins
8659,2015,7,72912.0,Washington Redskins
8660,2015,8,67582.63539030563,Washington Redskins
8661,2015,9,66829.0,Washington Redskins
8662,2015,10,75086.0,Washington Redskins
8663,2015,11,74418.0,Washington Redskins
8664,2015,12,77367.0,Washington Redskins
8665,2015,13,80444.0,Washington Redskins
8666,2015,14,61026.0,Washington Redskins
8667,2015,15,80124.0,Washington Redskins
8668,2015,16,69596.0,Washington Redskins
8669,2015,17,90127.0,Washington Redskins
8670,2016,1,64864.0,Arizona Cardinals
8671,2016,2,64230.0,Arizona Cardinals
8672,2016,3,68647.0,Arizona Cardinals
8673,2016,4,64622.0,Arizona Cardinals
8674,2016,5,70178.0,Arizona Cardinals
8675,2016,6,64709.0,Arizona Cardinals
8676,2016,7,65089.0,Arizona Cardinals
8677,2016,8,74088.0,Arizona Cardinals
8678,2016,9,67582.63539030563,Arizona Cardinals
8679,2016,10,65127.0,Arizona Cardinals
8680,2016,11,66808.0,Arizona Cardinals
8681,2016,12,69233.0,Arizona Cardinals
8682,2016,13,64939.0,Arizona Cardinals
8683,2016,14,65750.0,Arizona Cardinals
8684,2016,15,65072.0,Arizona Cardinals
8685,2016,16,69050.0,Arizona Cardinals
8686,2016,17,80729.0,Arizona Cardinals
8687,2016,1,69382.0,Atlanta Falcons
8688,2016,2,54081.0,Atlanta Falcons
8689,2016,3,73003.0,Atlanta Falcons
8690,2016,4,70508.0,Atlanta Falcons
8691,2016,5,76802.0,Atlanta Falcons
8692,2016,6,69071.0,Atlanta Falcons
8693,2016,7,69832.0,Atlanta Falcons
8694,2016,8,70165.0,Atlanta Falcons
8695,2016,9,57797.0,Atlanta Falcons
8696,2016,10,69596.0,Atlanta Falcons
8697,2016,11,67582.63539030563,Atlanta Falcons
8698,2016,12,69233.0,Atlanta Falcons
8699,2016,13,69879.0,Atlanta Falcons
8700,2016,14,82495.0,Atlanta Falcons
8701,2016,15,70164.0,Atlanta Falcons
8702,2016,16,73549.0,Atlanta Falcons
8703,2016,17,70835.0,Atlanta Falcons
8704,2016,1,71104.0,Baltimore Ravens
8705,2016,2,67431.0,Baltimore Ravens
8706,2016,3,60127.0,Baltimore Ravens
8707,2016,4,71152.0,Baltimore Ravens
8708,2016,5,71318.0,Baltimore Ravens
8709,2016,6,78487.0,Baltimore Ravens
8710,2016,7,78160.0,Baltimore Ravens
8711,2016,8,67582.63539030563,Baltimore Ravens
8712,2016,9,71286.0,Baltimore Ravens
8713,2016,10,70921.0,Baltimore Ravens
8714,2016,11,93056.0,Baltimore Ravens
8715,2016,12,70903.0,Baltimore Ravens
8716,2016,13,70916.0,Baltimore Ravens
8717,2016,14,66829.0,Baltimore Ravens
8718,2016,15,71223.0,Baltimore Ravens
8719,2016,16,66276.0,Baltimore Ravens
8720,2016,17,54944.0,Baltimore Ravens
8721,2016,1,71104.0,Buffalo Bills
8722,2016,2,70256.0,Buffalo Bills
8723,2016,3,68647.0,Buffalo Bills
8724,2016,4,66829.0,Buffalo Bills
8725,2016,5,83679.0,Buffalo Bills
8726,2016,6,70003.0,Buffalo Bills
8727,2016,7,65658.0,Buffalo Bills
8728,2016,8,70442.0,Buffalo Bills
8729,2016,9,69084.0,Buffalo Bills
8730,2016,10,67582.63539030563,Buffalo Bills
8731,2016,11,61356.0,Buffalo Bills
8732,2016,12,67849.0,Buffalo Bills
8733,2016,13,54759.0,Buffalo Bills
8734,2016,14,69657.0,Buffalo Bills
8735,2016,15,66529.0,Buffalo Bills
8736,2016,16,64690.0,Buffalo Bills
8737,2016,17,78160.0,Buffalo Bills
8738,2016,1,76843.0,Carolina Panthers
8739,2016,2,74143.0,Carolina Panthers
8740,2016,3,73813.0,Carolina Panthers
8741,2016,4,70508.0,Carolina Panthers
8742,2016,5,73425.0,Carolina Panthers
8743,2016,6,73138.0,Carolina Panthers
8744,2016,7,67582.63539030563,Carolina Panthers
8745,2016,8,74088.0,Carolina Panthers
8746,2016,9,86109.0,Carolina Panthers
8747,2016,10,74181.0,Carolina Panthers
8748,2016,11,73288.0,Carolina Panthers
8749,2016,12,54909.0,Carolina Panthers
8750,2016,13,69104.0,Carolina Panthers
8751,2016,14,73856.0,Carolina Panthers
8752,2016,15,76689.0,Carolina Panthers
8753,2016,16,73549.0,Carolina Panthers
8754,2016,17,62037.0,Carolina Panthers
8755,2016,1,71933.0,Chicago Bears
8756,2016,2,62268.0,Chicago Bears
8757,2016,3,90554.0,Chicago Bears
8758,2016,4,60841.0,Chicago Bears
8759,2016,5,66622.0,Chicago Bears
8760,2016,6,61054.0,Chicago Bears
8761,2016,7,78217.0,Chicago Bears
8762,2016,8,60422.0,Chicago Bears
8763,2016,9,67582.63539030563,Chicago Bears
8764,2016,10,62898.0,Chicago Bears
8765,2016,11,78898.0,Chicago Bears
8766,2016,12,59494.0,Chicago Bears
8767,2016,13,59782.0,Chicago Bears
8768,2016,14,61726.0,Chicago Bears
8769,2016,15,61137.0,Chicago Bears
8770,2016,16,57953.0,Chicago Bears
8771,2016,17,66808.0,Chicago Bears
8772,2016,1,78160.0,Cincinnati Bengals
8773,2016,2,65072.0,Cincinnati Bengals
8774,2016,3,63850.0,Cincinnati Bengals
8775,2016,4,60834.0,Cincinnati Bengals
8776,2016,5,91653.0,Cincinnati Bengals
8777,2016,6,66829.0,Cincinnati Bengals
8778,2016,7,65047.0,Cincinnati Bengals
8779,2016,8,84488.0,Cincinnati Bengals
8780,2016,9,67582.63539030563,Cincinnati Bengals
8781,2016,10,76218.0,Cincinnati Bengals
8782,2016,11,61356.0,Cincinnati Bengals
8783,2016,12,70903.0,Cincinnati Bengals
8784,2016,13,55456.0,Cincinnati Bengals
8785,2016,14,60028.0,Cincinnati Bengals
8786,2016,15,62096.0,Cincinnati Bengals
8787,2016,16,71836.0,Cincinnati Bengals
8788,2016,17,54944.0,Cincinnati Bengals
8789,2016,1,69596.0,Cleveland Browns
8790,2016,2,67431.0,Cleveland Browns
8791,2016,3,65176.0,Cleveland Browns
8792,2016,4,76249.0,Cleveland Browns
8793,2016,5,67431.0,Cleveland Browns
8794,2016,6,60897.0,Cleveland Browns
8795,2016,7,65047.0,Cleveland Browns
8796,2016,8,67431.0,Cleveland Browns
8797,2016,9,67431.0,Cleveland Browns
8798,2016,10,70921.0,Cleveland Browns
8799,2016,11,67431.0,Cleveland Browns
8800,2016,12,60034.0,Cleveland Browns
8801,2016,13,67582.63539030563,Cleveland Browns
8802,2016,14,60028.0,Cleveland Browns
8803,2016,15,66529.0,Cleveland Browns
8804,2016,16,57272.0,Cleveland Browns
8805,2016,17,55921.0,Cleveland Browns
8806,2016,1,92867.0,Dallas Cowboys
8807,2016,2,80612.0,Dallas Cowboys
8808,2016,3,90554.0,Dallas Cowboys
8809,2016,4,70178.0,Dallas Cowboys
8810,2016,5,91653.0,Dallas Cowboys
8811,2016,6,78481.0,Dallas Cowboys
8812,2016,7,67582.63539030563,Dallas Cowboys
8813,2016,8,93103.0,Dallas Cowboys
8814,2016,9,67431.0,Dallas Cowboys
8815,2016,10,67737.0,Dallas Cowboys
8816,2016,11,93056.0,Dallas Cowboys
8817,2016,12,93099.0,Dallas Cowboys
8818,2016,13,66860.0,Dallas Cowboys
8819,2016,14,80874.0,Dallas Cowboys
8820,2016,15,93101.0,Dallas Cowboys
8821,2016,16,92885.0,Dallas Cowboys
8822,2016,17,69596.0,Dallas Cowboys
8823,2016,1,76843.0,Denver Broncos
8824,2016,2,76379.0,Denver Broncos
8825,2016,3,63850.0,Denver Broncos
8826,2016,4,60375.0,Denver Broncos
8827,2016,5,76802.0,Denver Broncos
8828,2016,6,58904.0,Denver Broncos
8829,2016,7,76865.0,Denver Broncos
8830,2016,8,76756.0,Denver Broncos
8831,2016,9,54957.0,Denver Broncos
8832,2016,10,73138.0,Denver Broncos
8833,2016,11,67582.63539030563,Denver Broncos
8834,2016,12,76819.0,Denver Broncos
8835,2016,13,63075.0,Denver Broncos
8836,2016,14,68780.0,Denver Broncos
8837,2016,15,76893.0,Denver Broncos
8838,2016,16,76671.0,Denver Broncos
8839,2016,17,76836.0,Denver Broncos
8840,2016,1,65566.0,Detroit Lions
8841,2016,2,58466.0,Detroit Lions
8842,2016,3,78411.0,Detroit Lions
8843,2016,4,60841.0,Detroit Lions
8844,2016,5,58047.0,Detroit Lions
8845,2016,6,56018.0,Detroit Lions
8846,2016,7,60461.0,Detroit Lions
8847,2016,8,71882.0,Detroit Lions
8848,2016,9,66807.0,Detroit Lions
8849,2016,10,67582.63539030563,Detroit Lions
8850,2016,11,61486.0,Detroit Lions
8851,2016,12,63793.0,Detroit Lions
8852,2016,13,73137.0,Detroit Lions
8853,2016,14,61726.0,Detroit Lions
8854,2016,15,79434.0,Detroit Lions
8855,2016,16,92885.0,Detroit Lions
8856,2016,17,66345.0,Detroit Lions
8857,2016,1,63179.0,Green Bay Packers
8858,2016,2,66813.0,Green Bay Packers
8859,2016,3,78411.0,Green Bay Packers
8860,2016,4,67582.63539030563,Green Bay Packers
8861,2016,5,78401.0,Green Bay Packers
8862,2016,6,78481.0,Green Bay Packers
8863,2016,7,78217.0,Green Bay Packers
8864,2016,8,70165.0,Green Bay Packers
8865,2016,9,78437.0,Green Bay Packers
8866,2016,10,69116.0,Green Bay Packers
8867,2016,11,77137.0,Green Bay Packers
8868,2016,12,69596.0,Green Bay Packers
8869,2016,13,77867.0,Green Bay Packers
8870,2016,14,78057.0,Green Bay Packers
8871,2016,15,61137.0,Green Bay Packers
8872,2016,16,77856.0,Green Bay Packers
8873,2016,17,66345.0,Green Bay Packers
8874,2016,1,71933.0,Houston Texans
8875,2016,2,71890.0,Houston Texans
8876,2016,3,66829.0,Houston Texans
8877,2016,4,71815.0,Houston Texans
8878,2016,5,66683.0,Houston Texans
8879,2016,6,71891.0,Houston Texans
8880,2016,7,76865.0,Houston Texans
8881,2016,8,71882.0,Houston Texans
8882,2016,9,67582.63539030563,Houston Texans
8883,2016,10,62091.0,Houston Texans
8884,2016,11,76473.0,Houston Texans
8885,2016,12,71897.0,Houston Texans
8886,2016,13,77867.0,Houston Texans
8887,2016,14,65250.0,Houston Texans
8888,2016,15,71803.0,Houston Texans
8889,2016,16,71836.0,Houston Texans
8890,2016,17,65205.0,Houston Texans
8891,2016,1,65566.0,Indianapolis Colts
8892,2016,2,76379.0,Indianapolis Colts
8893,2016,3,64747.0,Indianapolis Colts
8894,2016,4,83764.0,Indianapolis Colts
8895,2016,5,66622.0,Indianapolis Colts
8896,2016,6,71891.0,Indianapolis Colts
8897,2016,7,65470.0,Indianapolis Colts
8898,2016,8,65417.0,Indianapolis Colts
8899,2016,9,78437.0,Indianapolis Colts
8900,2016,10,67582.63539030563,Indianapolis Colts
8901,2016,11,65048.0,Indianapolis Colts
8902,2016,12,66583.0,Indianapolis Colts
8903,2016,13,78160.0,Indianapolis Colts
8904,2016,14,65250.0,Indianapolis Colts
8905,2016,15,66820.0,Indianapolis Colts
8906,2016,16,54896.0,Indianapolis Colts
8907,2016,17,65160.0,Indianapolis Colts
8908,2016,1,63179.0,Jacksonville Jaguars
8909,2016,2,52165.0,Jacksonville Jaguars
8910,2016,3,60127.0,Jacksonville Jaguars
8911,2016,4,83764.0,Jacksonville Jaguars
8912,2016,5,67582.63539030563,Jacksonville Jaguars
8913,2016,6,61054.0,Jacksonville Jaguars
8914,2016,7,62614.0,Jacksonville Jaguars
8915,2016,8,61619.0,Jacksonville Jaguars
8916,2016,9,73294.0,Jacksonville Jaguars
8917,2016,10,62091.0,Jacksonville Jaguars
8918,2016,11,61486.0,Jacksonville Jaguars
8919,2016,12,67849.0,Jacksonville Jaguars
8920,2016,13,63075.0,Jacksonville Jaguars
8921,2016,14,62701.0,Jacksonville Jaguars
8922,2016,15,71803.0,Jacksonville Jaguars
8923,2016,16,59621.0,Jacksonville Jaguars
8924,2016,17,65160.0,Jacksonville Jaguars
8925,2016,1,73238.0,Kansas City Chiefs
8926,2016,2,71890.0,Kansas City Chiefs
8927,2016,3,71587.0,Kansas City Chiefs
8928,2016,4,61278.0,Kansas City Chiefs
8929,2016,5,67582.63539030563,Kansas City Chiefs
8930,2016,6,54211.0,Kansas City Chiefs
8931,2016,7,76282.0,Kansas City Chiefs
8932,2016,8,65417.0,Kansas City Chiefs
8933,2016,9,73294.0,Kansas City Chiefs
8934,2016,10,74181.0,Kansas City Chiefs
8935,2016,11,72277.0,Kansas City Chiefs
8936,2016,12,76819.0,Kansas City Chiefs
8937,2016,13,69879.0,Kansas City Chiefs
8938,2016,14,75191.0,Kansas City Chiefs
8939,2016,15,68084.0,Kansas City Chiefs
8940,2016,16,76671.0,Kansas City Chiefs
8941,2016,17,54915.0,Kansas City Chiefs
8942,2016,1,70178.0,Los Angeles Rams
8943,2016,2,91046.0,Los Angeles Rams
8944,2016,3,55009.0,Los Angeles Rams
8945,2016,4,64622.0,Los Angeles Rams
8946,2016,5,83679.0,Los Angeles Rams
8947,2016,6,56018.0,Los Angeles Rams
8948,2016,7,74121.0,Los Angeles Rams
8949,2016,8,67582.63539030563,Los Angeles Rams
8950,2016,9,86109.0,Los Angeles Rams
8951,2016,10,78160.0,Los Angeles Rams
8952,2016,11,83483.0,Los Angeles Rams
8953,2016,12,73067.0,Los Angeles Rams
8954,2016,13,66829.0,Los Angeles Rams
8955,2016,14,82495.0,Los Angeles Rams
8956,2016,15,69067.0,Los Angeles Rams
8957,2016,16,83656.0,Los Angeles Rams
8958,2016,17,80729.0,Los Angeles Rams
8959,2016,1,69012.0,Miami Dolphins
8960,2016,2,66829.0,Miami Dolphins
8961,2016,3,65176.0,Miami Dolphins
8962,2016,4,60834.0,Miami Dolphins
8963,2016,5,64425.0,Miami Dolphins
8964,2016,6,65351.0,Miami Dolphins
8965,2016,7,65658.0,Miami Dolphins
8966,2016,8,67582.63539030563,Miami Dolphins
8967,2016,9,65722.0,Miami Dolphins
8968,2016,10,55107.0,Miami Dolphins
8969,2016,11,83483.0,Miami Dolphins
8970,2016,12,65856.0,Miami Dolphins
8971,2016,13,70916.0,Miami Dolphins
8972,2016,14,65750.0,Miami Dolphins
8973,2016,15,78160.0,Miami Dolphins
8974,2016,16,64690.0,Miami Dolphins
8975,2016,17,66163.0,Miami Dolphins
8976,2016,1,63816.0,Minnesota Vikings
8977,2016,2,66813.0,Minnesota Vikings
8978,2016,3,73813.0,Minnesota Vikings
8979,2016,4,66690.0,Minnesota Vikings
8980,2016,5,66683.0,Minnesota Vikings
8981,2016,6,67582.63539030563,Minnesota Vikings
8982,2016,7,69596.0,Minnesota Vikings
8983,2016,8,60422.0,Minnesota Vikings
8984,2016,9,66807.0,Minnesota Vikings
8985,2016,10,78216.0,Minnesota Vikings
8986,2016,11,66808.0,Minnesota Vikings
8987,2016,12,63793.0,Minnesota Vikings
8988,2016,13,66860.0,Minnesota Vikings
8989,2016,14,62701.0,Minnesota Vikings
8990,2016,15,66820.0,Minnesota Vikings
8991,2016,16,77856.0,Minnesota Vikings
8992,2016,17,66808.0,Minnesota Vikings
8993,2016,1,64864.0,New England Patriots
8994,2016,2,66829.0,New England Patriots
8995,2016,3,66829.0,New England Patriots
8996,2016,4,66829.0,New England Patriots
8997,2016,5,67431.0,New England Patriots
8998,2016,6,66829.0,New England Patriots
8999,2016,7,66009.0,New England Patriots
9000,2016,8,70442.0,New England Patriots
9001,2016,9,67582.63539030563,New England Patriots
9002,2016,10,66829.0,New England Patriots
9003,2016,11,70178.0,New England Patriots
9004,2016,12,78160.0,New England Patriots
9005,2016,13,66829.0,New England Patriots
9006,2016,14,66829.0,New England Patriots
9007,2016,15,76893.0,New England Patriots
9008,2016,16,66829.0,New England Patriots
9009,2016,17,66163.0,New England Patriots
9010,2016,1,73028.0,New Orleans Saints
9011,2016,2,77727.0,New Orleans Saints
9012,2016,3,73003.0,New Orleans Saints
9013,2016,4,60641.0,New Orleans Saints
9014,2016,5,67582.63539030563,New Orleans Saints
9015,2016,6,73138.0,New Orleans Saints
9016,2016,7,76282.0,New Orleans Saints
9017,2016,8,73188.0,New Orleans Saints
9018,2016,9,70178.0,New Orleans Saints
9019,2016,10,73138.0,New Orleans Saints
9020,2016,11,73288.0,New Orleans Saints
9021,2016,12,73067.0,New Orleans Saints
9022,2016,13,73137.0,New Orleans Saints
9023,2016,14,62140.0,New Orleans Saints
9024,2016,15,65072.0,New Orleans Saints
9025,2016,16,73177.0,New Orleans Saints
9026,2016,17,70835.0,New Orleans Saints
9027,2016,1,92867.0,New York Giants
9028,2016,2,77727.0,New York Giants
9029,2016,3,78368.0,New York Giants
9030,2016,4,66690.0,New York Giants
9031,2016,5,78401.0,New York Giants
9032,2016,6,78487.0,New York Giants
9033,2016,7,74121.0,New York Giants
9034,2016,8,67582.63539030563,New York Giants
9035,2016,9,80309.0,New York Giants
9036,2016,10,76218.0,New York Giants
9037,2016,11,78898.0,New York Giants
9038,2016,12,60034.0,New York Giants
9039,2016,13,65825.0,New York Giants
9040,2016,14,80874.0,New York Giants
9041,2016,15,79434.0,New York Giants
9042,2016,16,69596.0,New York Giants
9043,2016,17,79471.0,New York Giants
9044,2016,1,78160.0,New York Jets
9045,2016,2,70256.0,New York Jets
9046,2016,3,71587.0,New York Jets
9047,2016,4,78160.0,New York Jets
9048,2016,5,66385.0,New York Jets
9049,2016,6,64709.0,New York Jets
9050,2016,7,78160.0,New York Jets
9051,2016,8,67431.0,New York Jets
9052,2016,9,65722.0,New York Jets
9053,2016,10,78160.0,New York Jets
9054,2016,11,67582.63539030563,New York Jets
9055,2016,12,78160.0,New York Jets
9056,2016,13,78160.0,New York Jets
9057,2016,14,70178.0,New York Jets
9058,2016,15,78160.0,New York Jets
9059,2016,16,66829.0,New York Jets
9060,2016,17,78160.0,New York Jets
9061,2016,1,73028.0,Oakland Raiders
9062,2016,2,54081.0,Oakland Raiders
9063,2016,3,62370.0,Oakland Raiders
9064,2016,4,71152.0,Oakland Raiders
9065,2016,5,54275.0,Oakland Raiders
9066,2016,6,54211.0,Oakland Raiders
9067,2016,7,62614.0,Oakland Raiders
9068,2016,8,61068.0,Oakland Raiders
9069,2016,9,54957.0,Oakland Raiders
9070,2016,10,67582.63539030563,Oakland Raiders
9071,2016,11,76473.0,Oakland Raiders
9072,2016,12,54909.0,Oakland Raiders
9073,2016,13,54759.0,Oakland Raiders
9074,2016,14,75191.0,Oakland Raiders
9075,2016,15,68352.0,Oakland Raiders
9076,2016,16,54896.0,Oakland Raiders
9077,2016,17,76836.0,Oakland Raiders
9078,2016,1,69596.0,Philadelphia Eagles
9079,2016,2,62268.0,Philadelphia Eagles
9080,2016,3,69596.0,Philadelphia Eagles
9081,2016,4,67582.63539030563,Philadelphia Eagles
9082,2016,5,58047.0,Philadelphia Eagles
9083,2016,6,78934.0,Philadelphia Eagles
9084,2016,7,69596.0,Philadelphia Eagles
9085,2016,8,93103.0,Philadelphia Eagles
9086,2016,9,80309.0,Philadelphia Eagles
9087,2016,10,69596.0,Philadelphia Eagles
9088,2016,11,69190.0,Philadelphia Eagles
9089,2016,12,69596.0,Philadelphia Eagles
9090,2016,13,55456.0,Philadelphia Eagles
9091,2016,14,69596.0,Philadelphia Eagles
9092,2016,15,71223.0,Philadelphia Eagles
9093,2016,16,69596.0,Philadelphia Eagles
9094,2016,17,69596.0,Philadelphia Eagles
9095,2016,1,79124.0,Pittsburgh Steelers
9096,2016,2,65072.0,Pittsburgh Steelers
9097,2016,3,69596.0,Pittsburgh Steelers
9098,2016,4,61278.0,Pittsburgh Steelers
9099,2016,5,66385.0,Pittsburgh Steelers
9100,2016,6,65351.0,Pittsburgh Steelers
9101,2016,7,66009.0,Pittsburgh Steelers
9102,2016,8,67582.63539030563,Pittsburgh Steelers
9103,2016,9,71286.0,Pittsburgh Steelers
9104,2016,10,67737.0,Pittsburgh Steelers
9105,2016,11,67431.0,Pittsburgh Steelers
9106,2016,12,66583.0,Pittsburgh Steelers
9107,2016,13,65825.0,Pittsburgh Steelers
9108,2016,14,69657.0,Pittsburgh Steelers
9109,2016,15,62096.0,Pittsburgh Steelers
9110,2016,16,66276.0,Pittsburgh Steelers
9111,2016,17,55921.0,Pittsburgh Steelers
9112,2016,1,73238.0,San Diego Chargers
9113,2016,2,52165.0,San Diego Chargers
9114,2016,3,64747.0,San Diego Chargers
9115,2016,4,60641.0,San Diego Chargers
9116,2016,5,54275.0,San Diego Chargers
9117,2016,6,58904.0,San Diego Chargers
9118,2016,7,69832.0,San Diego Chargers
9119,2016,8,76756.0,San Diego Chargers
9120,2016,9,52281.0,San Diego Chargers
9121,2016,10,55107.0,San Diego Chargers
9122,2016,11,67582.63539030563,San Diego Chargers
9123,2016,12,71897.0,San Diego Chargers
9124,2016,13,53832.0,San Diego Chargers
9125,2016,14,73856.0,San Diego Chargers
9126,2016,15,68352.0,San Diego Chargers
9127,2016,16,57272.0,San Diego Chargers
9128,2016,17,54915.0,San Diego Chargers
9129,2016,1,70178.0,San Francisco 49ers
9130,2016,2,74143.0,San Francisco 49ers
9131,2016,3,69010.0,San Francisco 49ers
9132,2016,4,70178.0,San Francisco 49ers
9133,2016,5,70178.0,San Francisco 49ers
9134,2016,6,70003.0,San Francisco 49ers
9135,2016,7,70178.0,San Francisco 49ers
9136,2016,8,67582.63539030563,San Francisco 49ers
9137,2016,9,70178.0,San Francisco 49ers
9138,2016,10,65127.0,San Francisco 49ers
9139,2016,11,70178.0,San Francisco 49ers
9140,2016,12,65856.0,San Francisco 49ers
9141,2016,13,59782.0,San Francisco 49ers
9142,2016,14,70178.0,San Francisco 49ers
9143,2016,15,70164.0,San Francisco 49ers
9144,2016,16,83656.0,San Francisco 49ers
9145,2016,17,70178.0,San Francisco 49ers
9146,2016,1,69012.0,Seattle Seahawks
9147,2016,2,91046.0,Seattle Seahawks
9148,2016,3,69010.0,Seattle Seahawks
9149,2016,4,78160.0,Seattle Seahawks
9150,2016,5,67582.63539030563,Seattle Seahawks
9151,2016,6,69071.0,Seattle Seahawks
9152,2016,7,65089.0,Seattle Seahawks
9153,2016,8,73188.0,Seattle Seahawks
9154,2016,9,69084.0,Seattle Seahawks
9155,2016,10,66829.0,Seattle Seahawks
9156,2016,11,69190.0,Seattle Seahawks
9157,2016,12,63674.0,Seattle Seahawks
9158,2016,13,69104.0,Seattle Seahawks
9159,2016,14,78057.0,Seattle Seahawks
9160,2016,15,69067.0,Seattle Seahawks
9161,2016,16,69050.0,Seattle Seahawks
9162,2016,17,70178.0,Seattle Seahawks
9163,2016,1,69382.0,Tampa Bay Buccaneers
9164,2016,2,64230.0,Tampa Bay Buccaneers
9165,2016,3,55009.0,Tampa Bay Buccaneers
9166,2016,4,60375.0,Tampa Bay Buccaneers
9167,2016,5,73425.0,Tampa Bay Buccaneers
9168,2016,6,67582.63539030563,Tampa Bay Buccaneers
9169,2016,7,70178.0,Tampa Bay Buccaneers
9170,2016,8,61068.0,Tampa Bay Buccaneers
9171,2016,9,57797.0,Tampa Bay Buccaneers
9172,2016,10,62898.0,Tampa Bay Buccaneers
9173,2016,11,72277.0,Tampa Bay Buccaneers
9174,2016,12,63674.0,Tampa Bay Buccaneers
9175,2016,13,53832.0,Tampa Bay Buccaneers
9176,2016,14,62140.0,Tampa Bay Buccaneers
9177,2016,15,93101.0,Tampa Bay Buccaneers
9178,2016,16,73177.0,Tampa Bay Buccaneers
9179,2016,17,62037.0,Tampa Bay Buccaneers
9180,2016,1,63816.0,Tennessee Titans
9181,2016,2,58466.0,Tennessee Titans
9182,2016,3,62370.0,Tennessee Titans
9183,2016,4,71815.0,Tennessee Titans
9184,2016,5,64425.0,Tennessee Titans
9185,2016,6,60897.0,Tennessee Titans
9186,2016,7,65470.0,Tennessee Titans
9187,2016,8,61619.0,Tennessee Titans
9188,2016,9,52281.0,Tennessee Titans
9189,2016,10,69116.0,Tennessee Titans
9190,2016,11,65048.0,Tennessee Titans
9191,2016,12,59494.0,Tennessee Titans
9192,2016,13,67582.63539030563,Tennessee Titans
9193,2016,14,68780.0,Tennessee Titans
9194,2016,15,68084.0,Tennessee Titans
9195,2016,16,59621.0,Tennessee Titans
9196,2016,17,65205.0,Tennessee Titans
9197,2016,1,79124.0,Washington Redskins
9198,2016,2,80612.0,Washington Redskins
9199,2016,3,78368.0,Washington Redskins
9200,2016,4,76249.0,Washington Redskins
9201,2016,5,71318.0,Washington Redskins
9202,2016,6,78934.0,Washington Redskins
9203,2016,7,60461.0,Washington Redskins
9204,2016,8,84488.0,Washington Redskins
9205,2016,9,67582.63539030563,Washington Redskins
9206,2016,10,78216.0,Washington Redskins
9207,2016,11,77137.0,Washington Redskins
9208,2016,12,93099.0,Washington Redskins
9209,2016,13,64939.0,Washington Redskins
9210,2016,14,69596.0,Washington Redskins
9211,2016,15,76689.0,Washington Redskins
9212,2016,16,57953.0,Washington Redskins
9213,2016,17,79471.0,Washington Redskins
10846,2014,18,71849.0,Carolina Panthers
10847,2014,18,62780.0,Pittsburgh Steelers
10848,2014,18,63385.0,Indianapolis Colts
10849,2014,18,91410.0,Dallas Cowboys
10850,2015,18,71800.0,Houston Texans
10851,2015,18,63257.0,Cincinnati Bengals
10852,2015,18,52090.0,Minnesota Vikings
10853,2015,18,81367.0,Washington Redskins
10854,2016,18,71790.0,Houston Texans
10855,2016,18,68788.0,Seattle Seahawks
10856,2016,18,62726.0,Pittsburgh Steelers
10857,2016,18,77549.0,Green Bay Packers
10858,2014,18,71849.0,Arizona Cardinals
10859,2014,18,62780.0,Baltimore Ravens
10860,2014,18,63385.0,Cincinnati Bengals
10861,2014,18,91410.0,Detroit Lions
10862,2015,18,71800.0,Kansas City Chiefs
10863,2015,18,63257.0,Pittsburgh Steelers
10864,2015,18,52090.0,Seattle Seahawks
10865,2015,18,81367.0,Green Bay Packers
10866,2016,18,71790.0,Oakland Raiders
10867,2016,18,68788.0,Detroit Lions
10868,2016,18,62726.0,Miami Dolphins
10869,2016,18,77549.0,New York Giants
10870,2014,19,68756.0,New England Patriots
10871,2014,19,68524.0,Seattle Seahawks
10872,2014,19,79704.0,Green Bay Packers
10873,2014,19,76867.0,Denver Broncos
10874,2015,19,66829.0,New England Patriots
10875,2015,19,65089.0,Arizona Cardinals
10876,2015,19,74287.0,Carolina Panthers
10877,2015,19,76956.0,Denver Broncos
10878,2015,19,66829.0,Kansas City Chiefs
10879,2015,19,65089.0,Green Bay Packers
10880,2015,19,74287.0,Seattle Seahawks
10881,2015,19,76956.0,Pittsburgh Steelers
10882,2014,19,68756.0,Baltimore Ravens
10883,2014,19,68524.0,Carolina Panthers
10884,2014,19,79704.0,Dallas Cowboys
10885,2014,19,76867.0,Indianapolis Colts
10886,2014,20,68538.0,Seattle Seahawks
10887,2014,20,68756.0,New England Patriots
10888,2015,20,77112.0,Denver Broncos
10889,2015,20,74294.0,Carolina Panthers
10890,2014,20,68538.0,Green Bay Packers
10891,2014,20,68756.0,Indianapolis Colts
10892,2015,20,77112.0,New England Patriots
10893,2015,20,74294.0,Arizona Cardinals
10894,2014,22,70288.0,New England Patriots
10895,2015,22,71088.0,Denver Broncos
10896,2014,22,70288.0,Seattle Seahawks
10897,2015,22,71088.0,Carolina Panthers
10898,2016,19,71155.0,Atlanta Falcons
10899,2016,19,66829.0,New England Patriots
10900,2016,19,93396.0,Dallas Cowboys
10901,2016,19,75678.0,Kansas City Chiefs
10902,2016,19,71155.0,Seattle Seahawks
10903,2016,19,66829.0,Houston Texans
10904,2016,19,93396.0,Green Bay Packers
10905,2016,19,75678.0,Pittsburgh Steelers
10906,2016,20,71127.0,Atlanta Falcons
10907,2016,20,66829.0,New England Patriots
10908,2016,20,71127.0,Green Bay Packers
10909,2016,20,66829.0,Pittsburgh Steelers
10910,2016,22,70807.0,New England Patriots
10911,2016,22,70807.0,Atlanta Falcons
