,Name,Week,QBR,Year
0,"Kaepernick, Colin",1,95.3,2014
1,"Stafford, Matthew",1,93.1,2014
2,"Manning, Peyton",1,90.0,2014
3,"Wilson, Russell",1,85.2,2014
4,"Ryan, Matt",1,85.1,2014
5,"Anderson, Derek",1,84.5,2014
6,"Brees, Drew",1,80.5,2014
7,"Locker, Jake",1,72.8,2014
8,"Fitzpatrick, Ryan",1,72.3,2014
9,"Rivers, Philip",1,71.8,2014
10,"Palmer, Carson",1,67.9,2014
11,"Cassel, Matt",1,67.0,2014
12,"Cutler, Jay",1,64.5,2014
13,"Roethlisberger, Ben",1,61.4,2014
14,"Henne, Chad",1,56.9,2014
15,"Flacco, Joe",1,50.8,2014
16,"Luck, Andrew",1,46.9,2014
17,"Rodgers, Aaron",1,44.3,2014
18,"Griffin , Robert",1,40.8,2014
19,"Manning, Eli",1,39.6,2014
20,"Dalton, Andy",1,39.2,2014
21,"Brady, Tom",1,35.0,2014
22,"Tannehill, Ryan",1,33.3,2014
23,"Manuel, EJ",1,31.9,2014
24,"Smith, Geno",1,30.4,2014
25,"Hoyer, Brian",1,29.4,2014
26,"Carr, Derek",1,26.0,2014
27,"Foles, Nick",1,24.5,2014
28,"McCown, Josh",1,17.5,2014
29,"Smith, Alex",1,9.9,2014
30,"Romo, Tony",1,9.4,2014
31,"Davis, Austin",1,8.6,2014
32,"Manning, Peyton",2,95.1,2014
33,"Fitzpatrick, Ryan",2,91.0,2014
34,"Cousins, Kirk",2,90.3,2014
35,"Brady, Tom",2,87.3,2014
36,"Davis, Austin",2,86.3,2014
37,"Flacco, Joe",2,79.7,2014
38,"Foles, Nick",2,76.9,2014
39,"McCown, Josh",2,76.3,2014
40,"Manning, Eli",2,76.2,2014
41,"Smith, Geno",2,74.9,2014
42,"Smith, Alex",2,74.3,2014
43,"Luck, Andrew",2,73.2,2014
44,"Rodgers, Aaron",2,72.9,2014
45,"Brees, Drew",2,72.0,2014
46,"Rivers, Philip",2,70.6,2014
47,"Romo, Tony",2,70.2,2014
48,"Carr, Derek",2,69.6,2014
49,"Newton, Cam",2,59.1,2014
50,"Hoyer, Brian",2,57.3,2014
51,"Stafford, Matthew",2,55.4,2014
52,"Cutler, Jay",2,52.9,2014
53,"Wilson, Russell",2,52.4,2014
54,"Dalton, Andy",2,52.2,2014
55,"Tannehill, Ryan",2,50.1,2014
56,"Manuel, EJ",2,48.4,2014
57,"Stanton, Drew",2,37.4,2014
58,"Cassel, Matt",2,33.0,2014
59,"Roethlisberger, Ben",2,26.0,2014
60,"Kaepernick, Colin",2,22.9,2014
61,"Ryan, Matt",2,21.1,2014
62,"Locker, Jake",2,7.6,2014
63,"Henne, Chad",2,4.5,2014
64,"Ryan, Matt",3,99.2,2014
65,"Romo, Tony",3,98.2,2014
66,"Luck, Andrew",3,94.8,2014
67,"Bortles, Blake",3,90.1,2014
68,"Foles, Nick",3,89.2,2014
69,"Brees, Drew",3,89.0,2014
70,"Rivers, Philip",3,88.8,2014
71,"Stanton, Drew",3,88.5,2014
72,"Davis, Austin",3,81.9,2014
73,"Manning, Peyton",3,81.6,2014
74,"Cousins, Kirk",3,81.6,2014
75,"Kaepernick, Colin",3,80.4,2014
76,"Hoyer, Brian",3,77.7,2014
77,"Wilson, Russell",3,77.6,2014
78,"Flacco, Joe",3,74.3,2014
79,"Manning, Eli",3,74.0,2014
80,"Smith, Alex",3,68.8,2014
81,"Roethlisberger, Ben",3,63.6,2014
82,"Cutler, Jay",3,62.7,2014
83,"Brady, Tom",3,62.2,2014
84,"Carr, Derek",3,60.9,2014
85,"Glennon, Mike",3,60.7,2014
86,"Stafford, Matthew",3,50.0,2014
87,"Rodgers, Aaron",3,49.3,2014
88,"Bridgewater, Teddy",3,44.6,2014
89,"Newton, Cam",3,38.6,2014
90,"Smith, Geno",3,34.7,2014
91,"Fitzpatrick, Ryan",3,32.3,2014
92,"Dalton, Andy",3,27.2,2014
93,"Tannehill, Ryan",3,26.7,2014
94,"Locker, Jake",3,22.9,2014
95,"Manuel, EJ",3,12.5,2014
96,"Flacco, Joe",4,98.5,2014
97,"Rodgers, Aaron",4,96.6,2014
98,"Romo, Tony",4,93.7,2014
99,"Luck, Andrew",4,90.8,2014
100,"Tannehill, Ryan",4,88.8,2014
101,"Rivers, Philip",4,88.6,2014
102,"Manning, Eli",4,87.1,2014
103,"Newton, Cam",4,80.9,2014
104,"Cutler, Jay",4,77.0,2014
105,"Bridgewater, Teddy",4,76.9,2014
106,"Whitehurst, Charlie",4,74.7,2014
107,"Glennon, Mike",4,72.0,2014
108,"Stafford, Matthew",4,71.4,2014
109,"Brees, Drew",4,66.3,2014
110,"Fitzpatrick, Ryan",4,64.4,2014
111,"Roethlisberger, Ben",4,60.7,2014
112,"Ryan, Matt",4,59.0,2014
113,"Kaepernick, Colin",4,58.5,2014
114,"Smith, Alex",4,54.6,2014
115,"Bortles, Blake",4,45.3,2014
116,"Carr, Derek",4,40.6,2014
117,"Smith, Geno",4,39.9,2014
118,"Foles, Nick",4,34.5,2014
119,"Brady, Tom",4,27.0,2014
120,"McGloin, Matt",4,24.3,2014
121,"Manuel, EJ",4,24.0,2014
122,"Cousins, Kirk",4,10.0,2014
123,"Brady, Tom",5,87.1,2014
124,"Hoyer, Brian",5,84.5,2014
125,"Rivers, Philip",5,83.1,2014
126,"Smith, Alex",5,80.7,2014
127,"Romo, Tony",5,79.9,2014
128,"Wilson, Russell",5,79.4,2014
129,"Rodgers, Aaron",5,78.6,2014
130,"Foles, Nick",5,77.7,2014
131,"Manning, Peyton",5,71.3,2014
132,"Glennon, Mike",5,69.2,2014
133,"Luck, Andrew",5,65.6,2014
134,"Cutler, Jay",5,60.1,2014
135,"Manning, Eli",5,58.7,2014
136,"Roethlisberger, Ben",5,58.3,2014
137,"Kaepernick, Colin",5,53.2,2014
138,"Cousins, Kirk",5,49.1,2014
139,"Orton, Kyle",5,47.9,2014
140,"Davis, Austin",5,47.5,2014
141,"Dalton, Andy",5,46.2,2014
142,"Bortles, Blake",5,45.0,2014
143,"Newton, Cam",5,42.3,2014
144,"Whitehurst, Charlie",5,40.9,2014
145,"Ryan, Matt",5,39.0,2014
146,"Stanton, Drew",5,37.4,2014
147,"Flacco, Joe",5,34.6,2014
148,"Fitzpatrick, Ryan",5,34.2,2014
149,"Brees, Drew",5,27.9,2014
150,"Stafford, Matthew",5,20.3,2014
151,"Ponder, Christian",5,8.9,2014
152,"Vick, Mike",5,2.6,2014
153,"Flacco, Joe",6,99.4,2014
154,"Kaepernick, Colin",6,91.8,2014
155,"Rivers, Philip",6,90.7,2014
156,"Brady, Tom",6,90.4,2014
157,"Newton, Cam",6,88.4,2014
158,"Luck, Andrew",6,87.2,2014
159,"Dalton, Andy",6,83.7,2014
160,"Rodgers, Aaron",6,83.6,2014
161,"Romo, Tony",6,78.9,2014
162,"Tannehill, Ryan",6,73.7,2014
163,"Foles, Nick",6,72.3,2014
164,"Cutler, Jay",6,71.4,2014
165,"Manning, Peyton",6,70.2,2014
166,"Hoyer, Brian",6,69.8,2014
167,"Carr, Derek",6,65.7,2014
168,"Orton, Kyle",6,60.0,2014
169,"Fitzpatrick, Ryan",6,59.2,2014
170,"Bortles, Blake",6,57.8,2014
171,"Smith, Geno",6,56.0,2014
172,"Cousins, Kirk",6,51.1,2014
173,"Ryan, Matt",6,45.0,2014
174,"Palmer, Carson",6,40.9,2014
175,"Davis, Austin",6,29.5,2014
176,"Whitehurst, Charlie",6,27.8,2014
177,"Roethlisberger, Ben",6,25.9,2014
178,"Wilson, Russell",6,24.4,2014
179,"Glennon, Mike",6,15.7,2014
180,"Stafford, Matthew",6,15.1,2014
181,"Manning, Eli",6,5.4,2014
182,"Bridgewater, Teddy",6,3.8,2014
183,"Romo, Tony",7,98.5,2014
184,"Manning, Peyton",7,97.7,2014
185,"Davis, Austin",7,96.8,2014
186,"Tannehill, Ryan",7,94.5,2014
187,"Wilson, Russell",7,92.1,2014
188,"Rodgers, Aaron",7,89.4,2014
189,"Roethlisberger, Ben",7,85.3,2014
190,"Manning, Eli",7,83.9,2014
191,"Flacco, Joe",7,75.2,2014
192,"Brady, Tom",7,75.1,2014
193,"Brees, Drew",7,71.5,2014
194,"Smith, Geno",7,69.9,2014
195,"Palmer, Carson",7,67.2,2014
196,"Rivers, Philip",7,60.9,2014
197,"Kaepernick, Colin",7,59.0,2014
198,"Smith, Alex",7,56.2,2014
199,"Orton, Kyle",7,53.7,2014
200,"Fitzpatrick, Ryan",7,52.4,2014
201,"Whitehurst, Charlie",7,39.1,2014
202,"Bridgewater, Teddy",7,37.3,2014
203,"Carr, Derek",7,36.9,2014
204,"Luck, Andrew",7,36.1,2014
205,"Stafford, Matthew",7,24.5,2014
206,"Dalton, Andy",7,21.8,2014
207,"Newton, Cam",7,21.0,2014
208,"Ryan, Matt",7,15.7,2014
209,"Cutler, Jay",7,14.3,2014
210,"Hoyer, Brian",7,12.9,2014
211,"Bortles, Blake",7,6.2,2014
212,"Cousins, Kirk",7,6.1,2014
213,"Roethlisberger, Ben",8,99.2,2014
214,"Brady, Tom",8,98.1,2014
215,"Brees, Drew",8,96.8,2014
216,"Manning, Peyton",8,93.4,2014
217,"Rivers, Philip",8,83.3,2014
218,"McCoy, Colt",8,73.6,2014
219,"Ryan, Matt",8,72.1,2014
220,"Wilson, Russell",8,71.5,2014
221,"Bridgewater, Teddy",8,69.9,2014
222,"Dalton, Andy",8,61.3,2014
223,"Cutler, Jay",8,60.0,2014
224,"Foles, Nick",8,59.3,2014
225,"Fitzpatrick, Ryan",8,57.3,2014
226,"Smith, Alex",8,56.9,2014
227,"Hoyer, Brian",8,52.2,2014
228,"Carr, Derek",8,51.5,2014
229,"Luck, Andrew",8,49.9,2014
230,"Orton, Kyle",8,42.5,2014
231,"Palmer, Carson",8,42.3,2014
232,"Rodgers, Aaron",8,41.8,2014
233,"Flacco, Joe",8,39.1,2014
234,"Vick, Mike",8,38.8,2014
235,"Tannehill, Ryan",8,37.7,2014
236,"Glennon, Mike",8,30.6,2014
237,"Stafford, Matthew",8,29.8,2014
238,"Mettenberger, Zach",8,19.6,2014
239,"Newton, Cam",8,12.1,2014
240,"Romo, Tony",8,10.3,2014
241,"Davis, Austin",8,9.4,2014
242,"Bortles, Blake",8,6.6,2014
243,"Tannehill, Ryan",9,92.2,2014
244,"Roethlisberger, Ben",9,86.2,2014
245,"Brady, Tom",9,84.9,2014
246,"Palmer, Carson",9,81.8,2014
247,"Brees, Drew",9,78.1,2014
248,"Smith, Alex",9,77.5,2014
249,"Luck, Andrew",9,76.4,2014
250,"Vick, Mike",9,73.3,2014
251,"Sanchez, Mark",9,73.0,2014
252,"Bridgewater, Teddy",9,56.8,2014
253,"Wilson, Russell",9,52.4,2014
254,"Dalton, Andy",9,52.2,2014
255,"Manning, Peyton",9,46.5,2014
256,"Flacco, Joe",9,44.6,2014
257,"Glennon, Mike",9,41.7,2014
258,"Carr, Derek",9,38.5,2014
259,"Newton, Cam",9,37.0,2014
260,"Manning, Eli",9,32.3,2014
261,"Fitzpatrick, Ryan",9,31.0,2014
262,"Griffin , Robert",9,30.8,2014
263,"Bortles, Blake",9,24.0,2014
264,"Kaepernick, Colin",9,18.8,2014
265,"Davis, Austin",9,15.5,2014
266,"Hoyer, Brian",9,14.4,2014
267,"Rivers, Philip",9,10.1,2014
268,"Weeden, Brandon",9,3.8,2014
269,"Rodgers, Aaron",10,99.4,2014
270,"Romo, Tony",10,90.9,2014
271,"Vick, Mike",10,85.1,2014
272,"Brees, Drew",10,78.6,2014
273,"Ryan, Matt",10,74.6,2014
274,"Manning, Eli",10,73.2,2014
275,"Hoyer, Brian",10,67.5,2014
276,"McCown, Josh",10,66.1,2014
277,"Flacco, Joe",10,62.7,2014
278,"Smith, Alex",10,60.8,2014
279,"Wilson, Russell",10,59.1,2014
280,"Sanchez, Mark",10,58.5,2014
281,"Manning, Peyton",10,58.2,2014
282,"Kaepernick, Colin",10,55.9,2014
283,"Tannehill, Ryan",10,52.1,2014
284,"Palmer, Carson",10,43.7,2014
285,"Bortles, Blake",10,37.7,2014
286,"Stafford, Matthew",10,36.9,2014
287,"Carr, Derek",10,34.4,2014
288,"Orton, Kyle",10,30.3,2014
289,"Mettenberger, Zach",10,29.2,2014
290,"Roethlisberger, Ben",10,28.8,2014
291,"Cutler, Jay",10,13.0,2014
292,"Newton, Cam",10,11.3,2014
293,"Davis, Austin",10,6.2,2014
294,"Dalton, Andy",10,3.1,2014
295,"Dalton, Andy",11,94.9,2014
296,"Rodgers, Aaron",11,93.6,2014
297,"Brees, Drew",11,91.6,2014
298,"Brady, Tom",11,89.7,2014
299,"Luck, Andrew",11,80.4,2014
300,"Mallett, Ryan",11,80.4,2014
301,"Hill, Shaun",11,78.9,2014
302,"Mettenberger, Zach",11,77.3,2014
303,"Wilson, Russell",11,75.6,2014
304,"Smith, Alex",11,75.4,2014
305,"Ryan, Matt",11,74.6,2014
306,"Roethlisberger, Ben",11,71.7,2014
307,"Kaepernick, Colin",11,66.7,2014
308,"McCown, Josh",11,66.0,2014
309,"Tannehill, Ryan",11,57.7,2014
310,"Stanton, Drew",11,56.2,2014
311,"Cutler, Jay",11,55.8,2014
312,"Bridgewater, Teddy",11,36.6,2014
313,"Rivers, Philip",11,35.2,2014
314,"Manning, Peyton",11,33.4,2014
315,"Orton, Kyle",11,33.1,2014
316,"Newton, Cam",11,31.8,2014
317,"Stafford, Matthew",11,30.3,2014
318,"Hoyer, Brian",11,29.8,2014
319,"Griffin , Robert",11,17.0,2014
320,"Sanchez, Mark",11,15.8,2014
321,"Manning, Eli",11,12.7,2014
322,"Carr, Derek",11,11.5,2014
323,"Tannehill, Ryan",12,93.2,2014
324,"Orton, Kyle",12,90.8,2014
325,"Manning, Peyton",12,90.5,2014
326,"Flacco, Joe",12,89.8,2014
327,"Romo, Tony",12,88.5,2014
328,"Brady, Tom",12,85.6,2014
329,"Brees, Drew",12,79.3,2014
330,"Rodgers, Aaron",12,78.4,2014
331,"Manning, Eli",12,75.6,2014
332,"Ryan, Matt",12,67.6,2014
333,"Dalton, Andy",12,67.1,2014
334,"Kaepernick, Colin",12,64.4,2014
335,"Carr, Derek",12,63.3,2014
336,"Sanchez, Mark",12,60.7,2014
337,"Bridgewater, Teddy",12,57.0,2014
338,"Rivers, Philip",12,35.5,2014
339,"Smith, Alex",12,34.6,2014
340,"Wilson, Russell",12,31.6,2014
341,"Stanton, Drew",12,30.7,2014
342,"Hoyer, Brian",12,26.6,2014
343,"Mettenberger, Zach",12,26.3,2014
344,"McCown, Josh",12,24.8,2014
345,"Mallett, Ryan",12,23.5,2014
346,"Hill, Shaun",12,23.5,2014
347,"Luck, Andrew",12,23.3,2014
348,"Stafford, Matthew",12,22.9,2014
349,"Cutler, Jay",12,15.2,2014
350,"Griffin , Robert",12,11.6,2014
351,"Bortles, Blake",12,5.8,2014
352,"Vick, Mike",12,5.7,2014
353,"Fitzpatrick, Ryan",13,99.1,2014
354,"Brees, Drew",13,96.0,2014
355,"Brady, Tom",13,92.2,2014
356,"Rivers, Philip",13,90.6,2014
357,"Ryan, Matt",13,86.4,2014
358,"Flacco, Joe",13,85.5,2014
359,"Hill, Shaun",13,83.2,2014
360,"Stafford, Matthew",13,81.7,2014
361,"Rodgers, Aaron",13,81.6,2014
362,"Sanchez, Mark",13,81.0,2014
363,"Luck, Andrew",13,79.9,2014
364,"Bridgewater, Teddy",13,75.5,2014
365,"Cutler, Jay",13,61.4,2014
366,"Mettenberger, Zach",13,59.9,2014
367,"Manning, Eli",13,51.5,2014
368,"Wilson, Russell",13,51.4,2014
369,"Newton, Cam",13,46.8,2014
370,"Manning, Peyton",13,42.8,2014
371,"Tannehill, Ryan",13,41.9,2014
372,"Hoyer, Brian",13,41.4,2014
373,"Dalton, Andy",13,38.2,2014
374,"Roethlisberger, Ben",13,37.8,2014
375,"Bortles, Blake",13,36.7,2014
376,"McCoy, Colt",13,35.9,2014
377,"Stanton, Drew",13,34.8,2014
378,"McCown, Josh",13,23.4,2014
379,"Orton, Kyle",13,22.4,2014
380,"Romo, Tony",13,19.4,2014
381,"Kaepernick, Colin",13,14.8,2014
382,"Carr, Derek",13,12.0,2014
383,"Smith, Alex",13,6.8,2014
384,"Smith, Geno",13,6.0,2014
385,"Flacco, Joe",14,94.3,2014
386,"Newton, Cam",14,93.5,2014
387,"Carr, Derek",14,87.8,2014
388,"Roethlisberger, Ben",14,87.2,2014
389,"Romo, Tony",14,86.1,2014
390,"Stafford, Matthew",14,86.0,2014
391,"Rodgers, Aaron",14,84.8,2014
392,"Ryan, Matt",14,83.6,2014
393,"Cutler, Jay",14,81.0,2014
394,"Dalton, Andy",14,76.4,2014
395,"Wilson, Russell",14,76.3,2014
396,"Manning, Eli",14,75.9,2014
397,"Smith, Geno",14,73.0,2014
398,"Stanton, Drew",14,63.0,2014
399,"Brady, Tom",14,62.1,2014
400,"Manning, Peyton",14,58.8,2014
401,"Bridgewater, Teddy",14,56.3,2014
402,"Luck, Andrew",14,50.7,2014
403,"Smith, Alex",14,43.7,2014
404,"Fitzpatrick, Ryan",14,36.8,2014
405,"Orton, Kyle",14,34.3,2014
406,"Kaepernick, Colin",14,33.1,2014
407,"Hill, Shaun",14,32.8,2014
408,"Bortles, Blake",14,30.7,2014
409,"Tannehill, Ryan",14,30.1,2014
410,"McCown, Josh",14,23.3,2014
411,"Sanchez, Mark",14,21.5,2014
412,"Brees, Drew",14,20.7,2014
413,"Hoyer, Brian",14,19.3,2014
414,"Mettenberger, Zach",14,12.1,2014
415,"Rivers, Philip",14,9.2,2014
416,"McCoy, Colt",14,4.6,2014
417,"Brees, Drew",15,88.3,2014
418,"Roethlisberger, Ben",15,86.2,2014
419,"Manning, Peyton",15,86.0,2014
420,"Brady, Tom",15,84.6,2014
421,"Romo, Tony",15,79.7,2014
422,"Flacco, Joe",15,74.5,2014
423,"Ryan, Matt",15,72.9,2014
424,"Manning, Eli",15,65.7,2014
425,"Smith, Alex",15,64.5,2014
426,"Anderson, Derek",15,55.2,2014
427,"Tannehill, Ryan",15,51.4,2014
428,"Bridgewater, Teddy",15,50.4,2014
429,"Wilson, Russell",15,49.1,2014
430,"Luck, Andrew",15,45.5,2014
431,"Kaepernick, Colin",15,44.4,2014
432,"Rivers, Philip",15,41.7,2014
433,"McCown, Josh",15,39.9,2014
434,"Smith, Geno",15,37.7,2014
435,"Sanchez, Mark",15,36.2,2014
436,"Stanton, Drew",15,34.2,2014
437,"Savage, Tom",15,33.7,2014
438,"Whitehurst, Charlie",15,33.6,2014
439,"Griffin , Robert",15,28.7,2014
440,"Stafford, Matthew",15,27.7,2014
441,"Rodgers, Aaron",15,27.6,2014
442,"Hill, Shaun",15,26.1,2014
443,"Carr, Derek",15,18.1,2014
444,"Bortles, Blake",15,14.9,2014
445,"Dalton, Andy",15,14.8,2014
446,"Orton, Kyle",15,9.1,2014
447,"Cutler, Jay",15,3.7,2014
448,"Manziel, Johnny",15,0.9,2014
449,"Romo, Tony",16,99.4,2014
450,"Manning, Eli",16,97.2,2014
451,"Wilson, Russell",16,95.9,2014
452,"Kaepernick, Colin",16,95.5,2014
453,"Ryan, Matt",16,88.6,2014
454,"Roethlisberger, Ben",16,79.9,2014
455,"Whitehurst, Charlie",16,79.3,2014
456,"Newton, Cam",16,77.8,2014
457,"Tannehill, Ryan",16,76.8,2014
458,"Rodgers, Aaron",16,74.4,2014
459,"Rivers, Philip",16,63.8,2014
460,"Sanchez, Mark",16,61.1,2014
461,"Bridgewater, Teddy",16,59.6,2014
462,"Hill, Shaun",16,58.4,2014
463,"Hasselbeck, Matt",16,56.7,2014
464,"Carr, Derek",16,55.4,2014
465,"Bortles, Blake",16,54.8,2014
466,"Clausen, Jimmy",16,52.7,2014
467,"Griffin , Robert",16,49.4,2014
468,"Orton, Kyle",16,48.0,2014
469,"Brady, Tom",16,43.0,2014
470,"Smith, Geno",16,42.2,2014
471,"Manning, Peyton",16,37.4,2014
472,"Brees, Drew",16,34.9,2014
473,"Smith, Alex",16,32.6,2014
474,"Stafford, Matthew",16,30.5,2014
475,"Keenum, Case",16,26.3,2014
476,"Lindley, Ryan",16,23.0,2014
477,"Dalton, Andy",16,22.8,2014
478,"McCown, Josh",16,11.8,2014
479,"Luck, Andrew",16,8.5,2014
480,"Flacco, Joe",16,4.7,2014
481,"Rodgers, Aaron",17,96.6,2014
482,"Newton, Cam",17,91.3,2014
483,"Smith, Geno",17,89.2,2014
484,"Orton, Kyle",17,77.6,2014
485,"Romo, Tony",17,69.9,2014
486,"Kaepernick, Colin",17,69.6,2014
487,"Bridgewater, Teddy",17,69.4,2014
488,"Flacco, Joe",17,62.6,2014
489,"Hasselbeck, Matt",17,62.0,2014
490,"Sanchez, Mark",17,60.4,2014
491,"Lindley, Ryan",17,60.1,2014
492,"Brady, Tom",17,55.6,2014
493,"Manning, Peyton",17,55.4,2014
494,"McCown, Josh",17,54.2,2014
495,"Wilson, Russell",17,54.1,2014
496,"Keenum, Case",17,53.6,2014
497,"Cutler, Jay",17,51.6,2014
498,"Dalton, Andy",17,47.0,2014
499,"Manning, Eli",17,41.2,2014
500,"Brees, Drew",17,39.7,2014
501,"Roethlisberger, Ben",17,38.5,2014
502,"Stafford, Matthew",17,36.5,2014
503,"Luck, Andrew",17,33.0,2014
504,"Rivers, Philip",17,31.6,2014
505,"Hill, Shaun",17,30.2,2014
506,"Bortles, Blake",17,29.1,2014
507,"Tannehill, Ryan",17,27.8,2014
508,"Shaw, Connor",17,25.1,2014
509,"Daniel, Chase",17,24.0,2014
510,"Ryan, Matt",17,22.0,2014
511,"Griffin , Robert",17,21.3,2014
512,"Garoppolo, Jimmy",17,17.2,2014
513,"Whitehurst, Charlie",17,15.3,2014
514,"Carr, Derek",17,9.9,2014
515,"Luck, Andrew",18,85.0,2014
516,"Flacco, Joe",18,72.2,2014
517,"Newton, Cam",18,48.0,2014
518,"Romo, Tony",18,44.7,2014
519,"Dalton, Andy",18,39.5,2014
520,"Stafford, Matthew",18,39.5,2014
521,"Roethlisberger, Ben",18,32.2,2014
522,"Lindley, Ryan",18,4.8,2014
523,"Flacco, Joe",19,86.6,2014
524,"Wilson, Russell",19,83.2,2014
525,"Brady, Tom",19,81.7,2014
526,"Luck, Andrew",19,78.5,2014
527,"Romo, Tony",19,78.3,2014
528,"Rodgers, Aaron",19,77.6,2014
529,"Manning, Peyton",19,40.9,2014
530,"Newton, Cam",19,31.1,2014
531,"Brady, Tom",20,76.5,2014
532,"Rodgers, Aaron",20,54.9,2014
533,"Luck, Andrew",20,35.7,2014
534,"Wilson, Russell",20,25.3,2014
535,"Wilson, Russell",22,92.9,2014
536,"Brady, Tom",22,87.5,2014
537,"Mariota, Marcus",1,95.6,2015
538,"Brady, Tom",1,92.2,2015
539,"Taylor, Tyrod",1,91.7,2015
540,"Roethlisberger, Ben",1,85.3,2015
541,"Rodgers, Aaron",1,84.7,2015
542,"Dalton, Andy",1,83.2,2015
543,"Kaepernick, Colin",1,79.8,2015
544,"Romo, Tony",1,72.6,2015
545,"Palmer, Carson",1,71.6,2015
546,"Fitzpatrick, Ryan",1,69.1,2015
547,"Rivers, Philip",1,60.5,2015
548,"Smith, Alex",1,60.0,2015
549,"Ryan, Matt",1,56.9,2015
550,"Tannehill, Ryan",1,55.5,2015
551,"McGloin, Matt",1,54.2,2015
552,"Luck, Andrew",1,53.5,2015
553,"Bradford, Sam",1,49.8,2015
554,"Bortles, Blake",1,49.5,2015
555,"Manning, Eli",1,49.3,2015
556,"Wilson, Russell",1,48.9,2015
557,"Foles, Nick",1,48.5,2015
558,"Newton, Cam",1,43.2,2015
559,"Manziel, Johnny",1,43.0,2015
560,"Brees, Drew",1,42.0,2015
561,"Cutler, Jay",1,38.4,2015
562,"Cousins, Kirk",1,34.7,2015
563,"Flacco, Joe",1,26.2,2015
564,"Stafford, Matthew",1,22.3,2015
565,"Manning, Peyton",1,19.3,2015
566,"Hoyer, Brian",1,18.9,2015
567,"Bridgewater, Teddy",1,17.1,2015
568,"Winston, Jameis",1,6.4,2015
569,"Palmer, Carson",2,98.6,2015
570,"Roethlisberger, Ben",2,96.3,2015
571,"Bridgewater, Teddy",2,91.7,2015
572,"Bortles, Blake",2,89.2,2015
573,"Brady, Tom",2,82.7,2015
574,"Ryan, Matt",2,81.8,2015
575,"Cousins, Kirk",2,80.0,2015
576,"Manning, Peyton",2,78.8,2015
577,"Rodgers, Aaron",2,78.7,2015
578,"Flacco, Joe",2,78.0,2015
579,"Carr, Derek",2,75.5,2015
580,"Wilson, Russell",2,73.5,2015
581,"Fitzpatrick, Ryan",2,67.6,2015
582,"Stafford, Matthew",2,66.5,2015
583,"Dalton, Andy",2,64.6,2015
584,"Tannehill, Ryan",2,62.3,2015
585,"Mallett, Ryan",2,59.1,2015
586,"Newton, Cam",2,57.4,2015
587,"Winston, Jameis",2,55.8,2015
588,"Rivers, Philip",2,53.9,2015
589,"Romo, Tony",2,47.4,2015
590,"Taylor, Tyrod",2,44.1,2015
591,"Manning, Eli",2,43.3,2015
592,"Kaepernick, Colin",2,42.3,2015
593,"Mariota, Marcus",2,31.2,2015
594,"Luck, Andrew",2,29.7,2015
595,"Brees, Drew",2,22.7,2015
596,"Smith, Alex",2,10.1,2015
597,"Foles, Nick",2,8.5,2015
598,"Clausen, Jimmy",2,3.3,2015
599,"Bradford, Sam",2,2.7,2015
600,"Manning, Eli",3,92.8,2015
601,"McCown, Luke",3,92.4,2015
602,"Ryan, Matt",3,91.8,2015
603,"Taylor, Tyrod",3,91.7,2015
604,"Dalton, Andy",3,91.1,2015
605,"Rodgers, Aaron",3,88.1,2015
606,"Brady, Tom",3,85.4,2015
607,"Newton, Cam",3,77.3,2015
608,"Roethlisberger, Ben",3,74.4,2015
609,"Flacco, Joe",3,72.1,2015
610,"Manning, Peyton",3,71.1,2015
611,"Palmer, Carson",3,62.0,2015
612,"Carr, Derek",3,61.4,2015
613,"McCown, Josh",3,59.9,2015
614,"Mallett, Ryan",3,53.9,2015
615,"Bridgewater, Teddy",3,53.4,2015
616,"Rivers, Philip",3,37.8,2015
617,"Foles, Nick",3,35.9,2015
618,"Winston, Jameis",3,32.3,2015
619,"Stafford, Matthew",3,32.1,2015
620,"Weeden, Brandon",3,31.5,2015
621,"Bortles, Blake",3,31.2,2015
622,"Bradford, Sam",3,30.7,2015
623,"Mariota, Marcus",3,30.6,2015
624,"Wilson, Russell",3,29.6,2015
625,"Luck, Andrew",3,26.1,2015
626,"Fitzpatrick, Ryan",3,24.9,2015
627,"Cousins, Kirk",3,23.6,2015
628,"Tannehill, Ryan",3,15.3,2015
629,"Smith, Alex",3,14.3,2015
630,"Clausen, Jimmy",3,12.5,2015
631,"Kaepernick, Colin",3,4.0,2015
632,"Dalton, Andy",4,95.7,2015
633,"Fitzpatrick, Ryan",4,89.7,2015
634,"Cousins, Kirk",4,85.2,2015
635,"Bridgewater, Teddy",4,83.6,2015
636,"Bradford, Sam",4,79.6,2015
637,"Foles, Nick",4,79.4,2015
638,"Ryan, Matt",4,77.8,2015
639,"Bortles, Blake",4,75.6,2015
640,"Hoyer, Brian",4,74.2,2015
641,"Rodgers, Aaron",4,73.4,2015
642,"Brees, Drew",4,64.4,2015
643,"McCown, Josh",4,61.4,2015
644,"Palmer, Carson",4,61.1,2015
645,"Stafford, Matthew",4,58.5,2015
646,"Smith, Alex",4,58.3,2015
647,"Weeden, Brandon",4,53.9,2015
648,"Cutler, Jay",4,51.8,2015
649,"Manning, Peyton",4,49.5,2015
650,"Rivers, Philip",4,47.4,2015
651,"Hasselbeck, Matt",4,43.2,2015
652,"Wilson, Russell",4,42.4,2015
653,"Manning, Eli",4,38.6,2015
654,"Winston, Jameis",4,26.3,2015
655,"Flacco, Joe",4,22.9,2015
656,"Kaepernick, Colin",4,19.2,2015
657,"Taylor, Tyrod",4,18.7,2015
658,"Tannehill, Ryan",4,17.2,2015
659,"Vick, Mike",4,17.0,2015
660,"Newton, Cam",4,14.6,2015
661,"Carr, Derek",4,12.4,2015
662,"Mallett, Ryan",4,4.6,2015
663,"Hoyer, Brian",5,90.0,2015
664,"Hasselbeck, Matt",5,86.9,2015
665,"Manning, Eli",5,86.1,2015
666,"Taylor, Tyrod",5,82.9,2015
667,"Kaepernick, Colin",5,79.4,2015
668,"Bortles, Blake",5,77.1,2015
669,"McCown, Josh",5,70.2,2015
670,"Dalton, Andy",5,69.9,2015
671,"Cutler, Jay",5,66.5,2015
672,"Orlovsky, Dan",5,62.6,2015
673,"Mariota, Marcus",5,58.1,2015
674,"Rivers, Philip",5,53.1,2015
675,"Ryan, Matt",5,52.5,2015
676,"Wilson, Russell",5,44.3,2015
677,"Stafford, Matthew",5,44.0,2015
678,"Winston, Jameis",5,42.3,2015
679,"Vick, Mike",5,40.7,2015
680,"Carr, Derek",5,38.0,2015
681,"Cousins, Kirk",5,35.2,2015
682,"Brady, Tom",5,35.0,2015
683,"Rodgers, Aaron",5,33.1,2015
684,"Manning, Peyton",5,32.5,2015
685,"Flacco, Joe",5,28.8,2015
686,"Smith, Alex",5,26.4,2015
687,"Weeden, Brandon",5,24.1,2015
688,"Brees, Drew",5,22.0,2015
689,"Bradford, Sam",5,13.6,2015
690,"Foles, Nick",5,2.5,2015
691,"Fitzpatrick, Ryan",6,98.1,2015
692,"Dalton, Andy",6,92.4,2015
693,"Hoyer, Brian",6,85.4,2015
694,"Stafford, Matthew",6,84.7,2015
695,"Rivers, Philip",6,82.5,2015
696,"Brees, Drew",6,82.4,2015
697,"Brady, Tom",6,76.2,2015
698,"Luck, Andrew",6,74.5,2015
699,"Wilson, Russell",6,72.4,2015
700,"Manuel, EJ",6,70.4,2015
701,"Cutler, Jay",6,66.3,2015
702,"Palmer, Carson",6,66.2,2015
703,"Rodgers, Aaron",6,65.5,2015
704,"Kaepernick, Colin",6,65.3,2015
705,"Bortles, Blake",6,64.5,2015
706,"Smith, Alex",6,56.6,2015
707,"Newton, Cam",6,56.5,2015
708,"Ryan, Matt",6,55.5,2015
709,"Tannehill, Ryan",6,50.0,2015
710,"Bridgewater, Teddy",6,44.2,2015
711,"Cousins, Kirk",6,43.5,2015
712,"Flacco, Joe",6,40.2,2015
713,"Manning, Peyton",6,19.4,2015
714,"McCown, Josh",6,17.2,2015
715,"Manning, Eli",6,14.6,2015
716,"Bradford, Sam",6,11.6,2015
717,"Mariota, Marcus",6,4.3,2015
718,"Tannehill, Ryan",7,94.7,2015
719,"Brady, Tom",7,88.7,2015
720,"Carr, Derek",7,86.0,2015
721,"Smith, Alex",7,77.4,2015
722,"Fitzpatrick, Ryan",7,75.3,2015
723,"Flacco, Joe",7,75.0,2015
724,"Winston, Jameis",7,72.2,2015
725,"Palmer, Carson",7,68.3,2015
726,"Cousins, Kirk",7,67.6,2015
727,"Wilson, Russell",7,66.0,2015
728,"Bortles, Blake",7,64.3,2015
729,"Bridgewater, Teddy",7,57.8,2015
730,"Brees, Drew",7,55.5,2015
731,"Ryan, Matt",7,54.0,2015
732,"McCown, Josh",7,53.8,2015
733,"Bradford, Sam",7,42.6,2015
734,"Manning, Eli",7,38.5,2015
735,"Hoyer, Brian",7,38.2,2015
736,"Stafford, Matthew",7,35.9,2015
737,"Rivers, Philip",7,33.6,2015
738,"Foles, Nick",7,29.7,2015
739,"Jones, Landry",7,28.2,2015
740,"Newton, Cam",7,27.9,2015
741,"Mettenberger, Zach",7,22.8,2015
742,"Manuel, EJ",7,14.6,2015
743,"Luck, Andrew",7,9.1,2015
744,"Cassel, Matt",7,7.8,2015
745,"Kaepernick, Colin",7,7.8,2015
746,"Smith, Alex",8,95.9,2015
747,"Manning, Peyton",8,95.1,2015
748,"Carr, Derek",8,93.6,2015
749,"Rivers, Philip",8,90.3,2015
750,"Palmer, Carson",8,90.2,2015
751,"Winston, Jameis",8,88.5,2015
752,"Cutler, Jay",8,88.2,2015
753,"Manning, Eli",8,87.4,2015
754,"Brees, Drew",8,80.9,2015
755,"Rodgers, Aaron",8,78.2,2015
756,"Flacco, Joe",8,68.0,2015
757,"Ryan, Matt",8,67.7,2015
758,"Brady, Tom",8,61.2,2015
759,"Foles, Nick",8,58.3,2015
760,"Smith, Geno",8,56.9,2015
761,"Wilson, Russell",8,53.7,2015
762,"Cassel, Matt",8,50.8,2015
763,"Luck, Andrew",8,46.0,2015
764,"Bridgewater, Teddy",8,43.5,2015
765,"McCown, Josh",8,39.2,2015
766,"Dalton, Andy",8,37.6,2015
767,"Hoyer, Brian",8,37.3,2015
768,"Newton, Cam",8,34.0,2015
769,"Kaepernick, Colin",8,33.4,2015
770,"Roethlisberger, Ben",8,28.5,2015
771,"Tannehill, Ryan",8,15.6,2015
772,"Mettenberger, Zach",8,9.1,2015
773,"Stafford, Matthew",8,5.6,2015
774,"Taylor, Tyrod",9,95.1,2015
775,"Luck, Andrew",9,94.5,2015
776,"Manziel, Johnny",9,82.9,2015
777,"Mariota, Marcus",9,82.8,2015
778,"Manning, Eli",9,79.9,2015
779,"Cutler, Jay",9,76.8,2015
780,"Newton, Cam",9,75.6,2015
781,"Brees, Drew",9,75.4,2015
782,"Bradford, Sam",9,69.5,2015
783,"Brady, Tom",9,66.3,2015
784,"Bortles, Blake",9,65.9,2015
785,"Bridgewater, Teddy",9,65.4,2015
786,"Dalton, Andy",9,63.6,2015
787,"Carr, Derek",9,63.3,2015
788,"Winston, Jameis",9,62.9,2015
789,"Cassel, Matt",9,61.5,2015
790,"Manning, Peyton",9,61.4,2015
791,"Ryan, Matt",9,56.9,2015
792,"Fitzpatrick, Ryan",9,45.0,2015
793,"Gabbert, Blaine",9,42.7,2015
794,"Roethlisberger, Ben",9,41.4,2015
795,"Cousins, Kirk",9,40.7,2015
796,"Rodgers, Aaron",9,39.3,2015
797,"Foles, Nick",9,37.2,2015
798,"Rivers, Philip",9,36.8,2015
799,"Tannehill, Ryan",9,25.0,2015
800,"Cutler, Jay",10,91.4,2015
801,"Roethlisberger, Ben",10,90.5,2015
802,"Palmer, Carson",10,72.7,2015
803,"Newton, Cam",10,69.1,2015
804,"Manning, Eli",10,68.5,2015
805,"Hoyer, Brian",10,67.2,2015
806,"Osweiler, Brock",10,63.9,2015
807,"Stafford, Matthew",10,63.0,2015
808,"Bridgewater, Teddy",10,58.0,2015
809,"Cousins, Kirk",10,56.0,2015
810,"Smith, Alex",10,53.6,2015
811,"Rodgers, Aaron",10,53.5,2015
812,"Brees, Drew",10,52.7,2015
813,"Flacco, Joe",10,52.3,2015
814,"Mariota, Marcus",10,51.7,2015
815,"Manziel, Johnny",10,50.5,2015
816,"Tannehill, Ryan",10,45.7,2015
817,"Brady, Tom",10,43.6,2015
818,"Winston, Jameis",10,43.5,2015
819,"Bradford, Sam",10,42.5,2015
820,"Dalton, Andy",10,40.6,2015
821,"Taylor, Tyrod",10,34.6,2015
822,"Cassel, Matt",10,33.8,2015
823,"Carr, Derek",10,31.9,2015
824,"Fitzpatrick, Ryan",10,29.6,2015
825,"Bortles, Blake",10,27.0,2015
826,"Sanchez, Mark",10,15.7,2015
827,"Foles, Nick",10,15.3,2015
828,"Wilson, Russell",10,11.5,2015
829,"Manning, Peyton",10,0.3,2015
830,"Winston, Jameis",11,93.8,2015
831,"Wilson, Russell",11,85.8,2015
832,"Newton, Cam",11,83.9,2015
833,"Rodgers, Aaron",11,81.8,2015
834,"Smith, Alex",11,77.7,2015
835,"Dalton, Andy",11,66.3,2015
836,"Mariota, Marcus",11,63.3,2015
837,"Bridgewater, Teddy",11,61.8,2015
838,"Cousins, Kirk",11,61.1,2015
839,"Romo, Tony",11,59.6,2015
840,"Cutler, Jay",11,59.2,2015
841,"Palmer, Carson",11,58.9,2015
842,"Osweiler, Brock",11,54.5,2015
843,"Stafford, Matthew",11,51.4,2015
844,"Yates, T.J.",11,50.6,2015
845,"Taylor, Tyrod",11,46.0,2015
846,"Ryan, Matt",11,44.2,2015
847,"Hasselbeck, Matt",11,43.7,2015
848,"Brady, Tom",11,42.6,2015
849,"Gabbert, Blaine",11,40.6,2015
850,"Fitzpatrick, Ryan",11,35.0,2015
851,"Tannehill, Ryan",11,32.4,2015
852,"Bortles, Blake",11,30.2,2015
853,"Flacco, Joe",11,28.4,2015
854,"Carr, Derek",11,24.8,2015
855,"Sanchez, Mark",11,20.5,2015
856,"Rivers, Philip",11,16.2,2015
857,"Keenum, Case",11,5.8,2015
858,"Dalton, Andy",12,92.2,2015
859,"Stafford, Matthew",12,92.0,2015
860,"Smith, Alex",12,90.3,2015
861,"Cassel, Matt",12,88.9,2015
862,"Rivers, Philip",12,85.8,2015
863,"Taylor, Tyrod",12,83.5,2015
864,"Wilson, Russell",12,79.0,2015
865,"Cousins, Kirk",12,78.9,2015
866,"Fitzpatrick, Ryan",12,77.7,2015
867,"Brady, Tom",12,67.1,2015
868,"Gabbert, Blaine",12,62.7,2015
869,"Hoyer, Brian",12,62.2,2015
870,"Cutler, Jay",12,61.5,2015
871,"Roethlisberger, Ben",12,61.4,2015
872,"McCown, Josh",12,61.3,2015
873,"Sanchez, Mark",12,60.9,2015
874,"Bridgewater, Teddy",12,60.8,2015
875,"Schaub, Matt",12,58.3,2015
876,"Winston, Jameis",12,58.2,2015
877,"Palmer, Carson",12,58.2,2015
878,"Ryan, Matt",12,57.2,2015
879,"Hasselbeck, Matt",12,55.9,2015
880,"Newton, Cam",12,49.8,2015
881,"Carr, Derek",12,48.7,2015
882,"Osweiler, Brock",12,46.5,2015
883,"Foles, Nick",12,43.8,2015
884,"Tannehill, Ryan",12,43.0,2015
885,"Bortles, Blake",12,31.3,2015
886,"Mariota, Marcus",12,28.5,2015
887,"Brees, Drew",12,25.5,2015
888,"Rodgers, Aaron",12,18.2,2015
889,"Manning, Eli",12,12.6,2015
890,"Romo, Tony",12,6.4,2015
891,"Roethlisberger, Ben",13,96.2,2015
892,"Wilson, Russell",13,94.2,2015
893,"Mariota, Marcus",13,90.9,2015
894,"Palmer, Carson",13,90.1,2015
895,"Taylor, Tyrod",13,89.9,2015
896,"Bortles, Blake",13,85.6,2015
897,"Winston, Jameis",13,82.6,2015
898,"Dalton, Andy",13,81.7,2015
899,"Gabbert, Blaine",13,73.3,2015
900,"Rodgers, Aaron",13,71.9,2015
901,"Stafford, Matthew",13,71.6,2015
902,"Newton, Cam",13,70.9,2015
903,"Fitzpatrick, Ryan",13,70.0,2015
904,"Cassel, Matt",13,66.7,2015
905,"Hoyer, Brian",13,66.6,2015
906,"Brees, Drew",13,65.1,2015
907,"Smith, Alex",13,61.6,2015
908,"Cousins, Kirk",13,59.5,2015
909,"Tannehill, Ryan",13,57.0,2015
910,"Osweiler, Brock",13,54.0,2015
911,"Bradford, Sam",13,51.8,2015
912,"Ryan, Matt",13,49.1,2015
913,"Carr, Derek",13,46.2,2015
914,"Cutler, Jay",13,32.3,2015
915,"Brady, Tom",13,29.8,2015
916,"Schaub, Matt",13,28.5,2015
917,"Rivers, Philip",13,25.4,2015
918,"Manning, Eli",13,23.9,2015
919,"Davis, Austin",13,21.3,2015
920,"Foles, Nick",13,20.1,2015
921,"Bridgewater, Teddy",13,12.9,2015
922,"Hasselbeck, Matt",13,12.7,2015
923,"Wilson, Russell",14,96.4,2015
924,"Newton, Cam",14,96.3,2015
925,"Manning, Eli",14,95.6,2015
926,"Brees, Drew",14,87.9,2015
927,"Palmer, Carson",14,87.3,2015
928,"Roethlisberger, Ben",14,87.1,2015
929,"Brady, Tom",14,84.1,2015
930,"Bridgewater, Teddy",14,84.0,2015
931,"Cousins, Kirk",14,76.7,2015
932,"Rodgers, Aaron",14,67.3,2015
933,"Smith, Alex",14,62.8,2015
934,"Taylor, Tyrod",14,60.2,2015
935,"Winston, Jameis",14,59.1,2015
936,"Cutler, Jay",14,56.4,2015
937,"Manziel, Johnny",14,54.9,2015
938,"Clausen, Jimmy",14,54.1,2015
939,"Rivers, Philip",14,50.5,2015
940,"Tannehill, Ryan",14,50.3,2015
941,"Bradford, Sam",14,49.8,2015
942,"Fitzpatrick, Ryan",14,47.6,2015
943,"Stafford, Matthew",14,45.9,2015
944,"Osweiler, Brock",14,44.8,2015
945,"Ryan, Matt",14,44.4,2015
946,"McCarron, AJ",14,42.7,2015
947,"Keenum, Case",14,35.6,2015
948,"Cassel, Matt",14,18.8,2015
949,"Carr, Derek",14,18.2,2015
950,"Hasselbeck, Matt",14,16.4,2015
951,"Bortles, Blake",14,16.3,2015
952,"Mariota, Marcus",14,10.1,2015
953,"Hoyer, Brian",14,7.4,2015
954,"Gabbert, Blaine",14,3.1,2015
955,"Cousins, Kirk",15,98.0,2015
956,"Bridgewater, Teddy",15,93.6,2015
957,"Wilson, Russell",15,91.0,2015
958,"Keenum, Case",15,84.6,2015
959,"Rivers, Philip",15,84.2,2015
960,"Newton, Cam",15,83.5,2015
961,"Palmer, Carson",15,78.6,2015
962,"Roethlisberger, Ben",15,77.2,2015
963,"Stafford, Matthew",15,76.9,2015
964,"Manning, Eli",15,74.7,2015
965,"Brees, Drew",15,74.4,2015
966,"Osweiler, Brock",15,71.1,2015
967,"Manziel, Johnny",15,69.5,2015
968,"Rodgers, Aaron",15,68.9,2015
969,"Bradford, Sam",15,67.0,2015
970,"Taylor, Tyrod",15,66.1,2015
971,"Weeden, Brandon",15,66.1,2015
972,"Brady, Tom",15,65.6,2015
973,"Winston, Jameis",15,58.9,2015
974,"Hasselbeck, Matt",15,58.7,2015
975,"Fitzpatrick, Ryan",15,52.8,2015
976,"Mettenberger, Zach",15,48.9,2015
977,"Carr, Derek",15,45.9,2015
978,"Ryan, Matt",15,45.6,2015
979,"Moore, Kellen",15,45.2,2015
980,"Smith, Alex",15,45.0,2015
981,"Clausen, Jimmy",15,42.7,2015
982,"Tannehill, Ryan",15,40.7,2015
983,"McCarron, AJ",15,34.6,2015
984,"Bortles, Blake",15,28.2,2015
985,"Cutler, Jay",15,22.5,2015
986,"Gabbert, Blaine",15,20.1,2015
987,"Brees, Drew",16,94.3,2015
988,"Smith, Alex",16,88.5,2015
989,"Weeden, Brandon",16,88.2,2015
990,"Brady, Tom",16,87.7,2015
991,"McCarron, AJ",16,87.0,2015
992,"Palmer, Carson",16,84.8,2015
993,"Ryan, Matt",16,83.3,2015
994,"Mallett, Ryan",16,81.2,2015
995,"Cousins, Kirk",16,79.1,2015
996,"Fitzpatrick, Ryan",16,71.0,2015
997,"Wilson, Russell",16,66.8,2015
998,"Osweiler, Brock",16,66.7,2015
999,"Cutler, Jay",16,64.3,2015
1000,"Stafford, Matthew",16,58.3,2015
1001,"Gabbert, Blaine",16,57.0,2015
1002,"Rivers, Philip",16,53.5,2015
1003,"Taylor, Tyrod",16,49.5,2015
1004,"Bridgewater, Teddy",16,47.9,2015
1005,"Manziel, Johnny",16,47.3,2015
1006,"Bortles, Blake",16,45.7,2015
1007,"Winston, Jameis",16,45.7,2015
1008,"Whitehurst, Charlie",16,44.3,2015
1009,"Newton, Cam",16,44.1,2015
1010,"Mettenberger, Zach",16,42.6,2015
1011,"Keenum, Case",16,41.4,2015
1012,"Tannehill, Ryan",16,27.3,2015
1013,"Bradford, Sam",16,26.1,2015
1014,"Roethlisberger, Ben",16,25.9,2015
1015,"Rodgers, Aaron",16,23.9,2015
1016,"Carr, Derek",16,20.6,2015
1017,"Moore, Kellen",16,15.0,2015
1018,"Manning, Eli",16,1.9,2015
1019,"Wilson, Russell",17,97.3,2015
1020,"Tannehill, Ryan",17,95.1,2015
1021,"Brees, Drew",17,90.4,2015
1022,"Roethlisberger, Ben",17,84.5,2015
1023,"Ryan, Matt",17,76.4,2015
1024,"Stafford, Matthew",17,74.8,2015
1025,"Newton, Cam",17,74.0,2015
1026,"Bradford, Sam",17,69.4,2015
1027,"Taylor, Tyrod",17,61.0,2015
1028,"Smith, Alex",17,59.7,2015
1029,"Cutler, Jay",17,58.4,2015
1030,"Manning, Eli",17,53.4,2015
1031,"Freeman, Josh",17,51.8,2015
1032,"Keenum, Case",17,49.5,2015
1033,"Mallett, Ryan",17,46.0,2015
1034,"Palmer, Carson",17,42.6,2015
1035,"Winston, Jameis",17,39.7,2015
1036,"Rodgers, Aaron",17,37.8,2015
1037,"Rivers, Philip",17,36.9,2015
1038,"Fitzpatrick, Ryan",17,33.9,2015
1039,"Osweiler, Brock",17,33.9,2015
1040,"Davis, Austin",17,28.4,2015
1041,"Gabbert, Blaine",17,27.2,2015
1042,"McCarron, AJ",17,26.2,2015
1043,"Brady, Tom",17,24.4,2015
1044,"Carr, Derek",17,21.2,2015
1045,"Hoyer, Brian",17,20.6,2015
1046,"Moore, Kellen",17,19.2,2015
1047,"Bortles, Blake",17,11.8,2015
1048,"Stanton, Drew",17,6.9,2015
1049,"Bridgewater, Teddy",17,3.8,2015
1050,"Rodgers, Aaron",18,82.4,2015
1051,"Smith, Alex",18,65.3,2015
1052,"Cousins, Kirk",18,58.9,2015
1053,"Roethlisberger, Ben",18,58.4,2015
1054,"McCarron, AJ",18,33.8,2015
1055,"Hoyer, Brian",18,5.7,2015
1056,"Brady, Tom",19,89.8,2015
1057,"Newton, Cam",19,72.8,2015
1058,"Smith, Alex",19,72.3,2015
1059,"Rodgers, Aaron",19,65.8,2015
1060,"Palmer, Carson",19,56.0,2015
1061,"Roethlisberger, Ben",19,45.2,2015
1062,"Manning, Peyton",19,44.0,2015
1063,"Newton, Cam",20,87.9,2015
1064,"Brady, Tom",20,52.1,2015
1065,"Manning, Peyton",20,36.0,2015
1066,"Palmer, Carson",20,16.6,2015
1067,"Newton, Cam",22,31.9,2015
1068,"Manning, Peyton",22,8.6,2015
1069,"Winston, Jameis",1,91.2,2016
1070,"Gabbert, Blaine",1,87.3,2016
1071,"Stafford, Matthew",1,85.6,2016
1072,"Rivers, Philip",1,84.0,2016
1073,"Rodgers, Aaron",1,83.2,2016
1074,"Roethlisberger, Ben",1,83.0,2016
1075,"Manning, Eli",1,79.3,2016
1076,"Luck, Andrew",1,72.9,2016
1077,"Garoppolo, Jimmy",1,69.7,2016
1078,"Brees, Drew",1,69.6,2016
1079,"Carr, Derek",1,67.9,2016
1080,"Palmer, Carson",1,62.7,2016
1081,"Osweiler, Brock",1,61.7,2016
1082,"Hill, Shaun",1,61.4,2016
1083,"Newton, Cam",1,58.2,2016
1084,"Prescott, Dak",1,57.7,2016
1085,"Bortles, Blake",1,55.9,2016
1086,"Cutler, Jay",1,55.0,2016
1087,"Flacco, Joe",1,53.5,2016
1088,"Smith, Alex",1,53.3,2016
1089,"Mariota, Marcus",1,51.1,2016
1090,"Dalton, Andy",1,50.4,2016
1091,"Wentz, Carson",1,49.1,2016
1092,"Cousins, Kirk",1,43.3,2016
1093,"Siemian, Trevor",1,42.1,2016
1094,"Fitzpatrick, Ryan",1,39.9,2016
1095,"Ryan, Matt",1,36.2,2016
1096,"Taylor, Tyrod",1,36.0,2016
1097,"Wilson, Russell",1,34.0,2016
1098,"Tannehill, Ryan",1,33.8,2016
1099,"Griffin , Robert",1,23.1,2016
1100,"Keenum, Case",1,4.1,2016
1101,"Garoppolo, Jimmy",2,99.0,2016
1102,"Ryan, Matt",2,96.9,2016
1103,"Fitzpatrick, Ryan",2,89.7,2016
1104,"Palmer, Carson",2,81.3,2016
1105,"Rivers, Philip",2,79.1,2016
1106,"Prescott, Dak",2,78.8,2016
1107,"Tannehill, Ryan",2,77.3,2016
1108,"Flacco, Joe",2,71.2,2016
1109,"Taylor, Tyrod",2,71.1,2016
1110,"Newton, Cam",2,70.8,2016
1111,"Carr, Derek",2,68.5,2016
1112,"Luck, Andrew",2,67.0,2016
1113,"McCown, Josh",2,62.8,2016
1114,"Roethlisberger, Ben",2,61.7,2016
1115,"Rodgers, Aaron",2,57.0,2016
1116,"Manning, Eli",2,56.9,2016
1117,"Cousins, Kirk",2,54.6,2016
1118,"Gabbert, Blaine",2,52.3,2016
1119,"Bradford, Sam",2,51.1,2016
1120,"Mariota, Marcus",2,50.7,2016
1121,"Stafford, Matthew",2,50.2,2016
1122,"Dalton, Andy",2,49.9,2016
1123,"Brees, Drew",2,47.6,2016
1124,"Osweiler, Brock",2,47.4,2016
1125,"Siemian, Trevor",2,46.5,2016
1126,"Wentz, Carson",2,45.4,2016
1127,"Keenum, Case",2,39.6,2016
1128,"Wilson, Russell",2,29.4,2016
1129,"Winston, Jameis",2,22.3,2016
1130,"Bortles, Blake",2,19.4,2016
1131,"Smith, Alex",2,12.5,2016
1132,"Cutler, Jay",2,9.4,2016
1133,"Rodgers, Aaron",3,97.6,2016
1134,"Prescott, Dak",3,97.3,2016
1135,"Wilson, Russell",3,90.1,2016
1136,"Ryan, Matt",3,86.8,2016
1137,"Siemian, Trevor",3,83.2,2016
1138,"Wentz, Carson",3,77.5,2016
1139,"Cousins, Kirk",3,74.8,2016
1140,"Stafford, Matthew",3,69.2,2016
1141,"Dalton, Andy",3,63.4,2016
1142,"Smith, Alex",3,62.0,2016
1143,"Brissett, Jacoby",3,60.0,2016
1144,"Winston, Jameis",3,59.8,2016
1145,"Roethlisberger, Ben",3,55.8,2016
1146,"Rivers, Philip",3,55.2,2016
1147,"Taylor, Tyrod",3,50.9,2016
1148,"Luck, Andrew",3,50.6,2016
1149,"Kessler, Cody",3,48.9,2016
1150,"Bradford, Sam",3,46.5,2016
1151,"Carr, Derek",3,45.7,2016
1152,"Hoyer, Brian",3,42.4,2016
1153,"Keenum, Case",3,39.7,2016
1154,"Brees, Drew",3,38.3,2016
1155,"Bortles, Blake",3,35.8,2016
1156,"Flacco, Joe",3,35.8,2016
1157,"Osweiler, Brock",3,34.6,2016
1158,"Gabbert, Blaine",3,31.0,2016
1159,"Manning, Eli",3,30.7,2016
1160,"Tannehill, Ryan",3,24.3,2016
1161,"Newton, Cam",3,12.2,2016
1162,"Palmer, Carson",3,10.5,2016
1163,"Fitzpatrick, Ryan",3,5.8,2016
1164,"Mariota, Marcus",3,2.3,2016
1165,"Roethlisberger, Ben",4,98.0,2016
1166,"Ryan, Matt",4,96.8,2016
1167,"Bradford, Sam",4,84.9,2016
1168,"Prescott, Dak",4,81.4,2016
1169,"Wilson, Russell",4,79.0,2016
1170,"Hoyer, Brian",4,75.9,2016
1171,"Taylor, Tyrod",4,75.8,2016
1172,"Lynch, Paxton",4,74.4,2016
1173,"Carr, Derek",4,72.7,2016
1174,"Anderson, Derek",4,71.9,2016
1175,"Brees, Drew",4,71.8,2016
1176,"Dalton, Andy",4,61.2,2016
1177,"Osweiler, Brock",4,60.7,2016
1178,"Bortles, Blake",4,57.0,2016
1179,"Keenum, Case",4,53.2,2016
1180,"Luck, Andrew",4,53.1,2016
1181,"Rivers, Philip",4,50.4,2016
1182,"Gabbert, Blaine",4,49.5,2016
1183,"Cousins, Kirk",4,48.4,2016
1184,"Flacco, Joe",4,47.6,2016
1185,"Newton, Cam",4,45.4,2016
1186,"Winston, Jameis",4,41.8,2016
1187,"Palmer, Carson",4,41.2,2016
1188,"Mariota, Marcus",4,36.3,2016
1189,"Smith, Alex",4,35.7,2016
1190,"Fitzpatrick, Ryan",4,30.8,2016
1191,"Stafford, Matthew",4,28.3,2016
1192,"Kessler, Cody",4,26.6,2016
1193,"Brissett, Jacoby",4,24.1,2016
1194,"Manning, Eli",4,24.0,2016
1195,"Tannehill, Ryan",4,17.2,2016
1196,"Brady, Tom",5,94.6,2016
1197,"Mariota, Marcus",5,91.1,2016
1198,"Bradford, Sam",5,88.9,2016
1199,"Rivers, Philip",5,88.4,2016
1200,"Prescott, Dak",5,81.2,2016
1201,"Roethlisberger, Ben",5,79.0,2016
1202,"Taylor, Tyrod",5,74.4,2016
1203,"Ryan, Matt",5,73.1,2016
1204,"Fitzpatrick, Ryan",5,69.5,2016
1205,"Rodgers, Aaron",5,65.4,2016
1206,"Hoyer, Brian",5,62.1,2016
1207,"Luck, Andrew",5,58.6,2016
1208,"Winston, Jameis",5,58.0,2016
1209,"Stafford, Matthew",5,54.6,2016
1210,"Cousins, Kirk",5,43.0,2016
1211,"Carr, Derek",5,42.3,2016
1212,"Wentz, Carson",5,41.5,2016
1213,"Flacco, Joe",5,41.5,2016
1214,"Dalton, Andy",5,39.0,2016
1215,"Gabbert, Blaine",5,36.8,2016
1216,"Whitehurst, Charlie",5,32.5,2016
1217,"Stanton, Drew",5,26.8,2016
1218,"Keenum, Case",5,24.6,2016
1219,"Manning, Eli",5,17.1,2016
1220,"Osweiler, Brock",5,14.7,2016
1221,"Tannehill, Ryan",5,13.4,2016
1222,"Anderson, Derek",5,8.4,2016
1223,"Lynch, Paxton",5,8.4,2016
1224,"Dalton, Andy",6,90.5,2016
1225,"Mariota, Marcus",6,88.1,2016
1226,"Brees, Drew",6,87.8,2016
1227,"Smith, Alex",6,85.5,2016
1228,"Manning, Eli",6,82.4,2016
1229,"Stafford, Matthew",6,81.8,2016
1230,"Keenum, Case",6,77.4,2016
1231,"Brady, Tom",6,76.7,2016
1232,"Rivers, Philip",6,76.6,2016
1233,"Tannehill, Ryan",6,73.0,2016
1234,"Kessler, Cody",6,69.0,2016
1235,"Newton, Cam",6,68.5,2016
1236,"Luck, Andrew",6,68.2,2016
1237,"Taylor, Tyrod",6,67.8,2016
1238,"Palmer, Carson",6,66.1,2016
1239,"Kaepernick, Colin",6,64.4,2016
1240,"Prescott, Dak",6,64.4,2016
1241,"Ryan, Matt",6,63.9,2016
1242,"Flacco, Joe",6,62.6,2016
1243,"Wilson, Russell",6,62.0,2016
1244,"Cousins, Kirk",6,47.3,2016
1245,"Hoyer, Brian",6,44.1,2016
1246,"Bortles, Blake",6,36.1,2016
1247,"Carr, Derek",6,32.7,2016
1248,"Osweiler, Brock",6,31.1,2016
1249,"Rodgers, Aaron",6,28.4,2016
1250,"Siemian, Trevor",6,21.9,2016
1251,"Fitzpatrick, Ryan",6,21.0,2016
1252,"Wentz, Carson",6,18.0,2016
1253,"Roethlisberger, Ben",6,4.1,2016
1254,"Brady, Tom",7,94.2,2016
1255,"Luck, Andrew",7,87.9,2016
1256,"Brees, Drew",7,82.2,2016
1257,"Dalton, Andy",7,82.1,2016
1258,"Stafford, Matthew",7,71.2,2016
1259,"Smith, Alex",7,70.4,2016
1260,"Carr, Derek",7,70.3,2016
1261,"Rivers, Philip",7,68.9,2016
1262,"Hogan, Kevin",7,68.6,2016
1263,"Siemian, Trevor",7,65.9,2016
1264,"Taylor, Tyrod",7,62.7,2016
1265,"Rodgers, Aaron",7,62.2,2016
1266,"Cousins, Kirk",7,61.8,2016
1267,"Tannehill, Ryan",7,60.3,2016
1268,"Palmer, Carson",7,57.7,2016
1269,"Winston, Jameis",7,55.0,2016
1270,"Ryan, Matt",7,47.6,2016
1271,"Jones, Landry",7,45.2,2016
1272,"Manning, Eli",7,44.5,2016
1273,"Mariota, Marcus",7,44.3,2016
1274,"Osweiler, Brock",7,42.2,2016
1275,"Kaepernick, Colin",7,41.3,2016
1276,"Keenum, Case",7,27.0,2016
1277,"Bortles, Blake",7,25.4,2016
1278,"Flacco, Joe",7,25.0,2016
1279,"Wilson, Russell",7,21.9,2016
1280,"Wentz, Carson",7,11.6,2016
1281,"Bradford, Sam",7,8.0,2016
1282,"Brady, Tom",8,93.7,2016
1283,"Rodgers, Aaron",8,88.8,2016
1284,"Brees, Drew",8,85.5,2016
1285,"Ryan, Matt",8,75.6,2016
1286,"Mariota, Marcus",8,74.9,2016
1287,"Cousins, Kirk",8,74.8,2016
1288,"Foles, Nick",8,73.5,2016
1289,"Carr, Derek",8,70.6,2016
1290,"Newton, Cam",8,67.9,2016
1291,"Smith, Alex",8,67.5,2016
1292,"Prescott, Dak",8,63.8,2016
1293,"Taylor, Tyrod",8,60.8,2016
1294,"Bortles, Blake",8,60.6,2016
1295,"Stafford, Matthew",8,48.7,2016
1296,"Wentz, Carson",8,48.0,2016
1297,"Winston, Jameis",8,46.9,2016
1298,"Cutler, Jay",8,43.7,2016
1299,"Palmer, Carson",8,40.1,2016
1300,"Dalton, Andy",8,39.1,2016
1301,"Rivers, Philip",8,36.7,2016
1302,"Fitzpatrick, Ryan",8,35.5,2016
1303,"Osweiler, Brock",8,34.0,2016
1304,"Siemian, Trevor",8,31.9,2016
1305,"McCown, Josh",8,31.8,2016
1306,"Wilson, Russell",8,25.1,2016
1307,"Luck, Andrew",8,17.6,2016
1308,"Bradford, Sam",8,13.3,2016
1309,"Prescott, Dak",9,95.8,2016
1310,"Wilson, Russell",9,89.5,2016
1311,"Rivers, Philip",9,83.1,2016
1312,"Stafford, Matthew",9,82.5,2016
1313,"Ryan, Matt",9,81.8,2016
1314,"Brees, Drew",9,80.3,2016
1315,"Mariota, Marcus",9,69.3,2016
1316,"Luck, Andrew",9,66.7,2016
1317,"Winston, Jameis",9,65.6,2016
1318,"Taylor, Tyrod",9,65.6,2016
1319,"Bortles, Blake",9,64.6,2016
1320,"Carr, Derek",9,60.9,2016
1321,"Kessler, Cody",9,57.5,2016
1322,"Newton, Cam",9,57.3,2016
1323,"Bradford, Sam",9,55.6,2016
1324,"Siemian, Trevor",9,47.8,2016
1325,"Manning, Eli",9,45.7,2016
1326,"Tannehill, Ryan",9,41.8,2016
1327,"Flacco, Joe",9,41.6,2016
1328,"Rodgers, Aaron",9,37.7,2016
1329,"Keenum, Case",9,34.0,2016
1330,"Fitzpatrick, Ryan",9,32.2,2016
1331,"Wentz, Carson",9,25.4,2016
1332,"Kaepernick, Colin",9,23.0,2016
1333,"Roethlisberger, Ben",9,12.9,2016
1334,"Foles, Nick",9,12.5,2016
1335,"Mariota, Marcus",10,93.6,2016
1336,"Tannehill, Ryan",10,93.2,2016
1337,"Wilson, Russell",10,91.8,2016
1338,"Cousins, Kirk",10,86.9,2016
1339,"Newton, Cam",10,83.5,2016
1340,"Brees, Drew",10,74.9,2016
1341,"Kaepernick, Colin",10,74.8,2016
1342,"Prescott, Dak",10,74.0,2016
1343,"Bradford, Sam",10,71.4,2016
1344,"Roethlisberger, Ben",10,71.0,2016
1345,"Winston, Jameis",10,70.9,2016
1346,"Palmer, Carson",10,69.7,2016
1347,"Osweiler, Brock",10,69.0,2016
1348,"Siemian, Trevor",10,63.4,2016
1349,"Keenum, Case",10,58.2,2016
1350,"Ryan, Matt",10,56.8,2016
1351,"Brady, Tom",10,56.1,2016
1352,"Rodgers, Aaron",10,56.0,2016
1353,"Wentz, Carson",10,55.9,2016
1354,"Bortles, Blake",10,51.4,2016
1355,"Manning, Eli",10,49.8,2016
1356,"Kessler, Cody",10,46.0,2016
1357,"Flacco, Joe",10,41.5,2016
1358,"Rivers, Philip",10,37.1,2016
1359,"Smith, Alex",10,36.8,2016
1360,"Dalton, Andy",10,27.8,2016
1361,"Petty, Bryce",10,17.8,2016
1362,"Cutler, Jay",10,3.7,2016
1363,"Prescott, Dak",11,92.9,2016
1364,"Cousins, Kirk",11,92.8,2016
1365,"Smith, Alex",11,92.4,2016
1366,"Winston, Jameis",11,82.4,2016
1367,"Luck, Andrew",11,81.2,2016
1368,"Rodgers, Aaron",11,79.8,2016
1369,"Osweiler, Brock",11,77.4,2016
1370,"Carr, Derek",11,75.0,2016
1371,"Mariota, Marcus",11,73.5,2016
1372,"Brady, Tom",11,70.7,2016
1373,"Manning, Eli",11,69.9,2016
1374,"Wilson, Russell",11,65.5,2016
1375,"Brees, Drew",11,60.4,2016
1376,"Flacco, Joe",11,55.6,2016
1377,"Bradford, Sam",11,54.6,2016
1378,"Stafford, Matthew",11,53.2,2016
1379,"Cutler, Jay",11,51.8,2016
1380,"Goff, Jared",11,48.2,2016
1381,"Tannehill, Ryan",11,45.7,2016
1382,"Roethlisberger, Ben",11,44.2,2016
1383,"Taylor, Tyrod",11,38.5,2016
1384,"Kaepernick, Colin",11,31.9,2016
1385,"Palmer, Carson",11,29.1,2016
1386,"Wentz, Carson",11,28.5,2016
1387,"Newton, Cam",11,28.4,2016
1388,"Bortles, Blake",11,24.9,2016
1389,"McCown, Josh",11,23.3,2016
1390,"Dalton, Andy",11,20.1,2016
1391,"Kessler, Cody",11,11.2,2016
1392,"Mariota, Marcus",12,98.0,2016
1393,"Roethlisberger, Ben",12,95.6,2016
1394,"Prescott, Dak",12,93.9,2016
1395,"Rodgers, Aaron",12,93.0,2016
1396,"Ryan, Matt",12,87.8,2016
1397,"Cousins, Kirk",12,87.2,2016
1398,"Brees, Drew",12,86.9,2016
1399,"Rivers, Philip",12,85.3,2016
1400,"Bortles, Blake",12,84.0,2016
1401,"Siemian, Trevor",12,82.6,2016
1402,"Kaepernick, Colin",12,81.9,2016
1403,"Stafford, Matthew",12,80.2,2016
1404,"Taylor, Tyrod",12,78.7,2016
1405,"Winston, Jameis",12,78.6,2016
1406,"Brady, Tom",12,74.9,2016
1407,"Fitzpatrick, Ryan",12,63.4,2016
1408,"Tannehill, Ryan",12,62.1,2016
1409,"Smith, Alex",12,59.2,2016
1410,"Wentz, Carson",12,54.0,2016
1411,"Palmer, Carson",12,50.3,2016
1412,"Flacco, Joe",12,50.2,2016
1413,"Wilson, Russell",12,49.6,2016
1414,"Manning, Eli",12,48.0,2016
1415,"Newton, Cam",12,47.9,2016
1416,"Osweiler, Brock",12,44.5,2016
1417,"Carr, Derek",12,43.5,2016
1418,"Barkley, Matt",12,33.7,2016
1419,"McCown, Josh",12,30.1,2016
1420,"Dalton, Andy",12,26.5,2016
1421,"Bradford, Sam",12,25.0,2016
1422,"Tolzien, Scott",12,24.9,2016
1423,"Goff, Jared",12,21.8,2016
1424,"Luck, Andrew",13,98.4,2016
1425,"Dalton, Andy",13,96.9,2016
1426,"Flacco, Joe",13,93.0,2016
1427,"Smith, Alex",13,90.6,2016
1428,"Rodgers, Aaron",13,82.9,2016
1429,"Winston, Jameis",13,79.1,2016
1430,"Stafford, Matthew",13,75.5,2016
1431,"Roethlisberger, Ben",13,69.6,2016
1432,"Ryan, Matt",13,68.4,2016
1433,"Cousins, Kirk",13,67.7,2016
1434,"Palmer, Carson",13,64.8,2016
1435,"Wilson, Russell",13,64.2,2016
1436,"Prescott, Dak",13,62.5,2016
1437,"Carr, Derek",13,61.1,2016
1438,"Osweiler, Brock",13,60.8,2016
1439,"Wentz, Carson",13,56.6,2016
1440,"Newton, Cam",13,51.3,2016
1441,"Bradford, Sam",13,49.2,2016
1442,"Rivers, Philip",13,42.3,2016
1443,"Barkley, Matt",13,33.4,2016
1444,"Brady, Tom",13,31.6,2016
1445,"Taylor, Tyrod",13,31.3,2016
1446,"Tannehill, Ryan",13,25.6,2016
1447,"Bortles, Blake",13,22.0,2016
1448,"Manning, Eli",13,19.8,2016
1449,"Petty, Bryce",13,19.0,2016
1450,"Lynch, Paxton",13,17.6,2016
1451,"Brees, Drew",13,14.2,2016
1452,"Goff, Jared",13,11.2,2016
1453,"Bradford, Sam",14,80.3,2016
1454,"Brady, Tom",14,79.7,2016
1455,"Cousins, Kirk",14,75.2,2016
1456,"Ryan, Matt",14,70.9,2016
1457,"Rodgers, Aaron",14,69.9,2016
1458,"Dalton, Andy",14,62.4,2016
1459,"Flacco, Joe",14,60.0,2016
1460,"Osweiler, Brock",14,59.0,2016
1461,"Wentz, Carson",14,55.8,2016
1462,"Stafford, Matthew",14,55.4,2016
1463,"Siemian, Trevor",14,53.5,2016
1464,"Tannehill, Ryan",14,49.4,2016
1465,"Smith, Alex",14,49.1,2016
1466,"Luck, Andrew",14,45.5,2016
1467,"Winston, Jameis",14,43.4,2016
1468,"Bortles, Blake",14,41.7,2016
1469,"Barkley, Matt",14,33.3,2016
1470,"Petty, Bryce",14,28.9,2016
1471,"Mariota, Marcus",14,27.8,2016
1472,"Rivers, Philip",14,27.4,2016
1473,"Brees, Drew",14,26.9,2016
1474,"Kaepernick, Colin",14,26.5,2016
1475,"Taylor, Tyrod",14,24.3,2016
1476,"Palmer, Carson",14,22.7,2016
1477,"Newton, Cam",14,21.6,2016
1478,"Wilson, Russell",14,18.8,2016
1479,"Prescott, Dak",14,17.2,2016
1480,"Roethlisberger, Ben",14,14.4,2016
1481,"Griffin , Robert",14,13.6,2016
1482,"Manning, Eli",14,10.7,2016
1483,"Carr, Derek",14,8.7,2016
1484,"Goff, Jared",14,7.7,2016
1485,"Ryan, Matt",15,96.1,2016
1486,"Moore, Matt",15,93.6,2016
1487,"Luck, Andrew",15,91.7,2016
1488,"Taylor, Tyrod",15,88.9,2016
1489,"Prescott, Dak",15,81.8,2016
1490,"Brees, Drew",15,78.0,2016
1491,"Palmer, Carson",15,77.6,2016
1492,"Wilson, Russell",15,76.7,2016
1493,"Stafford, Matthew",15,72.8,2016
1494,"Savage, Tom",15,71.9,2016
1495,"Roethlisberger, Ben",15,70.1,2016
1496,"Kaepernick, Colin",15,67.7,2016
1497,"Manning, Eli",15,61.6,2016
1498,"Carr, Derek",15,55.9,2016
1499,"Barkley, Matt",15,52.6,2016
1500,"Brady, Tom",15,52.2,2016
1501,"Mariota, Marcus",15,51.9,2016
1502,"Rivers, Philip",15,50.2,2016
1503,"Wentz, Carson",15,49.4,2016
1504,"Cousins, Kirk",15,48.4,2016
1505,"Dalton, Andy",15,47.2,2016
1506,"Flacco, Joe",15,46.8,2016
1507,"Newton, Cam",15,45.9,2016
1508,"Griffin , Robert",15,40.5,2016
1509,"Winston, Jameis",15,39.1,2016
1510,"Rodgers, Aaron",15,37.2,2016
1511,"Smith, Alex",15,33.3,2016
1512,"Bradford, Sam",15,25.2,2016
1513,"Goff, Jared",15,17.7,2016
1514,"Siemian, Trevor",15,16.4,2016
1515,"Bortles, Blake",15,14.8,2016
1516,"Petty, Bryce",15,12.2,2016
1517,"Rodgers, Aaron",16,95.1,2016
1518,"Brady, Tom",16,95.0,2016
1519,"Cousins, Kirk",16,94.3,2016
1520,"Prescott, Dak",16,86.3,2016
1521,"Ryan, Matt",16,82.2,2016
1522,"Smith, Alex",16,81.8,2016
1523,"Taylor, Tyrod",16,80.4,2016
1524,"Brees, Drew",16,78.2,2016
1525,"Wentz, Carson",16,75.4,2016
1526,"Roethlisberger, Ben",16,74.9,2016
1527,"Palmer, Carson",16,73.3,2016
1528,"Carr, Derek",16,72.9,2016
1529,"Flacco, Joe",16,72.8,2016
1530,"Moore, Matt",16,64.4,2016
1531,"Kaepernick, Colin",16,63.2,2016
1532,"Wilson, Russell",16,61.0,2016
1533,"Luck, Andrew",16,56.3,2016
1534,"Griffin , Robert",16,54.8,2016
1535,"Dalton, Andy",16,52.6,2016
1536,"Stafford, Matthew",16,51.5,2016
1537,"Manning, Eli",16,51.1,2016
1538,"Rivers, Philip",16,48.8,2016
1539,"Bradford, Sam",16,48.6,2016
1540,"Bortles, Blake",16,46.3,2016
1541,"Savage, Tom",16,45.5,2016
1542,"Mariota, Marcus",16,45.4,2016
1543,"Winston, Jameis",16,43.5,2016
1544,"Cassel, Matt",16,40.8,2016
1545,"Barkley, Matt",16,26.4,2016
1546,"Siemian, Trevor",16,24.7,2016
1547,"Goff, Jared",16,19.2,2016
1548,"Newton, Cam",16,15.7,2016
1549,"Fitzpatrick, Ryan",16,7.5,2016
1550,"Ryan, Matt",17,94.8,2016
1551,"Brady, Tom",17,90.2,2016
1552,"Bradford, Sam",17,88.2,2016
1553,"Smith, Alex",17,80.1,2016
1554,"Moore, Matt",17,77.1,2016
1555,"Cassel, Matt",17,76.7,2016
1556,"Wentz, Carson",17,67.4,2016
1557,"Rodgers, Aaron",17,67.2,2016
1558,"Stafford, Matthew",17,64.9,2016
1559,"Osweiler, Brock",17,62.4,2016
1560,"Palmer, Carson",17,55.9,2016
1561,"Griffin , Robert",17,55.7,2016
1562,"Luck, Andrew",17,53.4,2016
1563,"Siemian, Trevor",17,50.8,2016
1564,"Dalton, Andy",17,48.3,2016
1565,"Brees, Drew",17,48.3,2016
1566,"Bortles, Blake",17,47.6,2016
1567,"Fitzpatrick, Ryan",17,46.5,2016
1568,"Winston, Jameis",17,44.5,2016
1569,"Wilson, Russell",17,43.4,2016
1570,"Jones, Landry",17,41.3,2016
1571,"Manning, Eli",17,33.9,2016
1572,"Kaepernick, Colin",17,32.0,2016
1573,"Flacco, Joe",17,31.8,2016
1574,"Newton, Cam",17,31.0,2016
1575,"Rivers, Philip",17,27.1,2016
1576,"Cousins, Kirk",17,18.3,2016
1577,"Manuel, EJ",17,16.1,2016
1578,"Cook, Connor",17,14.7,2016
1579,"Goff, Jared",17,7.7,2016
1580,"Sanchez, Mark",17,3.7,2016
1581,"Rodgers, Aaron",18,81.5,2016
1582,"Osweiler, Brock",18,76.7,2016
1583,"Wilson, Russell",18,64.2,2016
1584,"Manning, Eli",18,46.9,2016
1585,"Moore, Matt",18,44.9,2016
1586,"Stafford, Matthew",18,44.1,2016
1587,"Cook, Connor",18,6.5,2016
1588,"Rodgers, Aaron",19,83.1,2016
1589,"Ryan, Matt",19,82.0,2016
1590,"Wilson, Russell",19,56.1,2016
1591,"Brady, Tom",19,54.7,2016
1592,"Osweiler, Brock",19,17.0,2016
1593,"Ryan, Matt",20,97.2,2016
1594,"Brady, Tom",20,89.6,2016
1595,"Rodgers, Aaron",20,86.1,2016
1596,"Ryan, Matt",22,81.0,2016
1597,"Brady, Tom",22,75.8,2016
