,Game Date,Year,Week,Season,Home Team,Away Team,weather_temperature,weather_wind_mph
11076,9/4/2014,2014,1,0,Seattle Seahawks,Green Bay Packers,70.0,5.0
11077,9/7/2014,2014,1,0,Atlanta Falcons,New Orleans Saints,72.0,0.0
11078,9/7/2014,2014,1,0,Baltimore Ravens,Cincinnati Bengals,78.0,0.0
11079,9/7/2014,2014,1,0,Chicago Bears,Buffalo Bills,77.0,7.0
11080,9/7/2014,2014,1,0,Dallas Cowboys,San Francisco 49ers,72.0,0.0
11081,9/7/2014,2014,1,0,Denver Broncos,Indianapolis Colts,70.0,6.0
11082,9/7/2014,2014,1,0,Houston Texans,Washington Redskins,82.0,12.0
11083,9/7/2014,2014,1,0,Kansas City Chiefs,Tennessee Titans,77.0,5.0
11084,9/7/2014,2014,1,0,Miami Dolphins,New England Patriots,89.0,13.0
11085,9/7/2014,2014,1,0,New York Jets,Oakland Raiders,80.0,3.0
11086,9/7/2014,2014,1,0,Philadelphia Eagles,Jacksonville Jaguars,80.0,6.0
11087,9/7/2014,2014,1,0,Pittsburgh Steelers,Cleveland Browns,72.0,6.0
11088,9/7/2014,2014,1,0,St. Louis Rams,Minnesota Vikings,72.0,0.0
11089,9/7/2014,2014,1,0,Tampa Bay Buccaneers,Carolina Panthers,79.0,7.0
11090,9/8/2014,2014,1,0,Arizona Cardinals,San Diego Chargers,72.0,0.0
11091,9/8/2014,2014,1,0,Detroit Lions,New York Giants,72.0,0.0
11092,9/11/2014,2014,2,0,Baltimore Ravens,Pittsburgh Steelers,80.0,0.0
11093,9/14/2014,2014,2,0,Buffalo Bills,Miami Dolphins,61.0,4.0
11094,9/14/2014,2014,2,0,Carolina Panthers,Detroit Lions,68.0,7.0
11095,9/14/2014,2014,2,0,Cincinnati Bengals,Atlanta Falcons,68.0,4.0
11096,9/14/2014,2014,2,0,Cleveland Browns,New Orleans Saints,62.0,5.0
11097,9/14/2014,2014,2,0,Denver Broncos,Kansas City Chiefs,82.0,14.0
11098,9/14/2014,2014,2,0,Green Bay Packers,New York Jets,63.0,11.0
11099,9/14/2014,2014,2,0,Minnesota Vikings,New England Patriots,65.0,11.0
11100,9/14/2014,2014,2,0,New York Giants,Arizona Cardinals,71.0,5.0
11101,9/14/2014,2014,2,0,Oakland Raiders,Houston Texans,73.0,10.0
11102,9/14/2014,2014,2,0,San Diego Chargers,Seattle Seahawks,85.0,6.0
11103,9/14/2014,2014,2,0,San Francisco 49ers,Chicago Bears,73.0,9.0
11104,9/14/2014,2014,2,0,Tampa Bay Buccaneers,St. Louis Rams,78.0,0.0
11105,9/14/2014,2014,2,0,Tennessee Titans,Dallas Cowboys,77.0,6.0
11106,9/14/2014,2014,2,0,Washington Redskins,Jacksonville Jaguars,67.0,4.0
11107,9/15/2014,2014,2,0,Indianapolis Colts,Philadelphia Eagles,72.0,0.0
11108,9/18/2014,2014,3,0,Atlanta Falcons,Tampa Bay Buccaneers,72.0,0.0
11109,9/21/2014,2014,3,0,Arizona Cardinals,San Francisco 49ers,72.0,0.0
11110,9/21/2014,2014,3,0,Buffalo Bills,San Diego Chargers,72.0,16.0
11111,9/21/2014,2014,3,0,Carolina Panthers,Pittsburgh Steelers,74.0,3.0
11112,9/21/2014,2014,3,0,Cincinnati Bengals,Tennessee Titans,79.0,14.0
11113,9/21/2014,2014,3,0,Cleveland Browns,Baltimore Ravens,69.0,19.0
11114,9/21/2014,2014,3,0,Detroit Lions,Green Bay Packers,72.0,0.0
11115,9/21/2014,2014,3,0,Jacksonville Jaguars,Indianapolis Colts,85.0,5.0
11116,9/21/2014,2014,3,0,Miami Dolphins,Kansas City Chiefs,84.0,8.0
11117,9/21/2014,2014,3,0,New England Patriots,Oakland Raiders,78.0,7.0
11118,9/21/2014,2014,3,0,New Orleans Saints,Minnesota Vikings,72.0,0.0
11119,9/21/2014,2014,3,0,New York Giants,Houston Texans,76.0,0.0
11120,9/21/2014,2014,3,0,Philadelphia Eagles,Washington Redskins,76.0,4.0
11121,9/21/2014,2014,3,0,Seattle Seahawks,Denver Broncos,83.0,6.0
11122,9/21/2014,2014,3,0,St. Louis Rams,Dallas Cowboys,72.0,0.0
11123,9/22/2014,2014,3,0,New York Jets,Chicago Bears,56.0,4.0
11124,9/25/2014,2014,4,0,Washington Redskins,New York Giants,63.0,7.0
11125,9/28/2014,2014,4,0,Baltimore Ravens,Carolina Panthers,79.0,0.0
11126,9/28/2014,2014,4,0,Chicago Bears,Green Bay Packers,78.0,6.0
11127,9/28/2014,2014,4,0,Dallas Cowboys,New Orleans Saints,72.0,0.0
11128,9/28/2014,2014,4,0,Houston Texans,Buffalo Bills,86.0,4.0
11129,9/28/2014,2014,4,0,Indianapolis Colts,Tennessee Titans,72.0,0.0
11130,9/28/2014,2014,4,0,Minnesota Vikings,Atlanta Falcons,80.0,8.0
11131,9/28/2014,2014,4,0,New York Jets,Detroit Lions,85.0,6.0
11132,9/28/2014,2014,4,0,Oakland Raiders,Miami Dolphins,68.0,6.0
11133,9/28/2014,2014,4,0,Pittsburgh Steelers,Tampa Bay Buccaneers,73.0,6.0
11134,9/28/2014,2014,4,0,San Diego Chargers,Jacksonville Jaguars,72.0,7.0
11135,9/28/2014,2014,4,0,San Francisco 49ers,Philadelphia Eagles,75.0,7.0
11136,9/29/2014,2014,4,0,Kansas City Chiefs,New England Patriots,72.0,3.0
11137,10/2/2014,2014,5,0,Green Bay Packers,Minnesota Vikings,63.0,7.0
11138,10/5/2014,2014,5,0,Carolina Panthers,Chicago Bears,63.0,7.0
11139,10/5/2014,2014,5,0,Dallas Cowboys,Houston Texans,72.0,0.0
11140,10/5/2014,2014,5,0,Denver Broncos,Arizona Cardinals,72.0,8.0
11141,10/5/2014,2014,5,0,Detroit Lions,Buffalo Bills,72.0,0.0
11142,10/5/2014,2014,5,0,Indianapolis Colts,Baltimore Ravens,72.0,0.0
11143,10/5/2014,2014,5,0,Jacksonville Jaguars,Pittsburgh Steelers,73.0,4.0
11144,10/5/2014,2014,5,0,New England Patriots,Cincinnati Bengals,35.0,0.0
11145,10/5/2014,2014,5,0,New Orleans Saints,Tampa Bay Buccaneers,72.0,0.0
11146,10/5/2014,2014,5,0,New York Giants,Atlanta Falcons,61.0,6.0
11147,10/5/2014,2014,5,0,Philadelphia Eagles,St. Louis Rams,60.0,6.0
11148,10/5/2014,2014,5,0,San Diego Chargers,New York Jets,83.0,6.0
11149,10/5/2014,2014,5,0,San Francisco 49ers,Kansas City Chiefs,88.0,6.0
11150,10/5/2014,2014,5,0,Tennessee Titans,Cleveland Browns,71.0,13.0
11151,10/6/2014,2014,5,0,Washington Redskins,Seattle Seahawks,63.0,11.0
11152,10/9/2014,2014,6,0,Houston Texans,Indianapolis Colts,77.0,3.0
11153,10/12/2014,2014,6,0,Arizona Cardinals,Washington Redskins,72.0,0.0
11154,10/12/2014,2014,6,0,Atlanta Falcons,Chicago Bears,72.0,0.0
11155,10/12/2014,2014,6,0,Buffalo Bills,New England Patriots,59.0,3.0
11156,10/12/2014,2014,6,0,Cincinnati Bengals,Carolina Panthers,62.0,6.0
11157,10/12/2014,2014,6,0,Cleveland Browns,Pittsburgh Steelers,64.0,7.0
11158,10/12/2014,2014,6,0,Miami Dolphins,Green Bay Packers,88.0,12.0
11159,10/12/2014,2014,6,0,Minnesota Vikings,Detroit Lions,61.0,20.0
11160,10/12/2014,2014,6,0,New York Jets,Denver Broncos,64.0,3.0
11161,10/12/2014,2014,6,0,Oakland Raiders,San Diego Chargers,86.0,7.0
11162,10/12/2014,2014,6,0,Philadelphia Eagles,New York Giants,57.0,5.0
11163,10/12/2014,2014,6,0,Seattle Seahawks,Dallas Cowboys,66.0,5.0
11164,10/12/2014,2014,6,0,Tampa Bay Buccaneers,Baltimore Ravens,87.0,4.0
11165,10/12/2014,2014,6,0,Tennessee Titans,Jacksonville Jaguars,74.0,7.0
11166,10/13/2014,2014,6,0,St. Louis Rams,San Francisco 49ers,72.0,0.0
11167,10/16/2014,2014,7,0,New England Patriots,New York Jets,63.0,5.0
11168,10/19/2014,2014,7,0,Baltimore Ravens,Atlanta Falcons,57.0,0.0
11169,10/19/2014,2014,7,0,Buffalo Bills,Minnesota Vikings,45.0,8.0
11170,10/19/2014,2014,7,0,Chicago Bears,Miami Dolphins,55.0,12.0
11171,10/19/2014,2014,7,0,Dallas Cowboys,New York Giants,72.0,0.0
11172,10/19/2014,2014,7,0,Denver Broncos,San Francisco 49ers,63.0,0.0
11173,10/19/2014,2014,7,0,Detroit Lions,New Orleans Saints,72.0,0.0
11174,10/19/2014,2014,7,0,Green Bay Packers,Carolina Panthers,53.0,11.0
11175,10/19/2014,2014,7,0,Indianapolis Colts,Cincinnati Bengals,72.0,0.0
11176,10/19/2014,2014,7,0,Jacksonville Jaguars,Cleveland Browns,74.0,10.0
11177,10/19/2014,2014,7,0,Oakland Raiders,Arizona Cardinals,70.0,14.0
11178,10/19/2014,2014,7,0,San Diego Chargers,Kansas City Chiefs,71.0,6.0
11179,10/19/2014,2014,7,0,St. Louis Rams,Seattle Seahawks,72.0,0.0
11180,10/19/2014,2014,7,0,Washington Redskins,Tennessee Titans,57.0,16.0
11181,10/20/2014,2014,7,0,Pittsburgh Steelers,Houston Texans,51.0,8.0
11182,10/23/2014,2014,8,0,Denver Broncos,San Diego Chargers,61.0,3.0
11183,10/26/2014,2014,8,0,Arizona Cardinals,Philadelphia Eagles,72.0,0.0
11184,10/26/2014,2014,8,0,Atlanta Falcons,Detroit Lions,58.0,13.0
11185,10/26/2014,2014,8,0,Carolina Panthers,Seattle Seahawks,81.0,11.0
11186,10/26/2014,2014,8,0,Cincinnati Bengals,Baltimore Ravens,67.0,5.0
11187,10/26/2014,2014,8,0,Cleveland Browns,Oakland Raiders,54.0,9.0
11188,10/26/2014,2014,8,0,Jacksonville Jaguars,Miami Dolphins,81.0,0.0
11189,10/26/2014,2014,8,0,Kansas City Chiefs,St. Louis Rams,85.0,13.0
11190,10/26/2014,2014,8,0,New England Patriots,Chicago Bears,57.0,14.0
11191,10/26/2014,2014,8,0,New Orleans Saints,Green Bay Packers,72.0,0.0
11192,10/26/2014,2014,8,0,New York Jets,Buffalo Bills,61.0,19.0
11193,10/26/2014,2014,8,0,Pittsburgh Steelers,Indianapolis Colts,56.0,7.0
11194,10/26/2014,2014,8,0,Tampa Bay Buccaneers,Minnesota Vikings,78.0,7.0
11195,10/26/2014,2014,8,0,Tennessee Titans,Houston Texans,79.0,5.0
11196,10/27/2014,2014,8,0,Dallas Cowboys,Washington Redskins,72.0,0.0
11197,10/30/2014,2014,9,0,Carolina Panthers,New Orleans Saints,53.0,3.0
11198,11/2/2014,2014,9,0,Cincinnati Bengals,Jacksonville Jaguars,46.0,4.0
11199,11/2/2014,2014,9,0,Cleveland Browns,Tampa Bay Buccaneers,42.0,8.0
11200,11/2/2014,2014,9,0,Dallas Cowboys,Arizona Cardinals,64.0,0.0
11201,11/2/2014,2014,9,0,Houston Texans,Philadelphia Eagles,71.0,8.0
11202,11/2/2014,2014,9,0,Kansas City Chiefs,New York Jets,64.0,20.0
11203,11/2/2014,2014,9,0,Miami Dolphins,San Diego Chargers,69.0,5.0
11204,11/2/2014,2014,9,0,Minnesota Vikings,Washington Redskins,54.0,12.0
11205,11/2/2014,2014,9,0,New England Patriots,Denver Broncos,41.0,18.0
11206,11/2/2014,2014,9,0,Pittsburgh Steelers,Baltimore Ravens,37.0,5.0
11207,11/2/2014,2014,9,0,San Francisco 49ers,St. Louis Rams,64.0,10.0
11208,11/2/2014,2014,9,0,Seattle Seahawks,Oakland Raiders,56.0,7.0
11209,11/3/2014,2014,9,0,New York Giants,Indianapolis Colts,53.0,8.0
11210,11/6/2014,2014,10,0,Cincinnati Bengals,Cleveland Browns,43.0,0.0
11211,11/9/2014,2014,10,0,Arizona Cardinals,St. Louis Rams,72.0,0.0
11212,11/9/2014,2014,10,0,Baltimore Ravens,Tennessee Titans,57.0,0.0
11213,11/9/2014,2014,10,0,Buffalo Bills,Kansas City Chiefs,41.0,11.0
11214,11/9/2014,2014,10,0,Detroit Lions,Miami Dolphins,72.0,0.0
11215,11/9/2014,2014,10,0,Green Bay Packers,Chicago Bears,32.0,6.0
11216,11/9/2014,2014,10,0,Jacksonville Jaguars,Dallas Cowboys,50.0,3.0
11217,11/9/2014,2014,10,0,New Orleans Saints,San Francisco 49ers,72.0,0.0
11218,11/9/2014,2014,10,0,New York Jets,Pittsburgh Steelers,57.0,9.0
11219,11/9/2014,2014,10,0,Oakland Raiders,Denver Broncos,69.0,7.0
11220,11/9/2014,2014,10,0,Seattle Seahawks,New York Giants,56.0,0.0
11221,11/9/2014,2014,10,0,Tampa Bay Buccaneers,Atlanta Falcons,66.0,5.0
11222,11/10/2014,2014,10,0,Philadelphia Eagles,Carolina Panthers,49.0,0.0
11223,11/13/2014,2014,11,0,Miami Dolphins,Buffalo Bills,71.0,0.0
11224,11/16/2014,2014,11,0,Arizona Cardinals,Detroit Lions,72.0,0.0
11225,11/16/2014,2014,11,0,Carolina Panthers,Atlanta Falcons,52.0,3.0
11226,11/16/2014,2014,11,0,Chicago Bears,Minnesota Vikings,32.0,10.0
11227,11/16/2014,2014,11,0,Cleveland Browns,Houston Texans,34.0,7.0
11228,11/16/2014,2014,11,0,Green Bay Packers,Philadelphia Eagles,27.0,9.0
11229,11/16/2014,2014,11,0,Indianapolis Colts,New England Patriots,72.0,0.0
11230,11/16/2014,2014,11,0,Kansas City Chiefs,Seattle Seahawks,21.0,10.0
11231,11/16/2014,2014,11,0,New Orleans Saints,Cincinnati Bengals,72.0,0.0
11232,11/16/2014,2014,11,0,New York Giants,San Francisco 49ers,43.0,4.0
11233,11/16/2014,2014,11,0,San Diego Chargers,Oakland Raiders,71.0,7.0
11234,11/16/2014,2014,11,0,St. Louis Rams,Denver Broncos,72.0,0.0
11235,11/16/2014,2014,11,0,Washington Redskins,Tampa Bay Buccaneers,46.0,7.0
11236,11/17/2014,2014,11,0,Tennessee Titans,Pittsburgh Steelers,25.0,0.0
11237,11/20/2014,2014,12,0,Oakland Raiders,Kansas City Chiefs,55.0,11.0
11238,11/23/2014,2014,12,0,Atlanta Falcons,Cleveland Browns,72.0,0.0
11239,11/23/2014,2014,12,0,Chicago Bears,Tampa Bay Buccaneers,53.0,10.0
11240,11/23/2014,2014,12,0,Denver Broncos,Miami Dolphins,36.0,7.0
11241,11/23/2014,2014,12,0,Houston Texans,Cincinnati Bengals,76.0,14.0
11242,11/23/2014,2014,12,0,Indianapolis Colts,Jacksonville Jaguars,72.0,0.0
11243,11/23/2014,2014,12,0,Minnesota Vikings,Green Bay Packers,46.0,6.0
11244,11/23/2014,2014,12,0,New England Patriots,Detroit Lions,61.0,6.0
11245,11/23/2014,2014,12,0,New York Giants,Dallas Cowboys,48.0,0.0
11246,11/23/2014,2014,12,0,Philadelphia Eagles,Tennessee Titans,53.0,6.0
11247,11/23/2014,2014,12,0,San Diego Chargers,St. Louis Rams,72.0,3.0
11248,11/23/2014,2014,12,0,San Francisco 49ers,Washington Redskins,63.0,4.0
11249,11/23/2014,2014,12,0,Seattle Seahawks,Arizona Cardinals,57.0,6.0
11250,11/24/2014,2014,12,0,Buffalo Bills,New York Jets,72.0,0.0
11251,11/24/2014,2014,12,0,New Orleans Saints,Baltimore Ravens,72.0,0.0
11252,11/27/2014,2014,13,0,Dallas Cowboys,Philadelphia Eagles,57.0,0.0
11253,11/27/2014,2014,13,0,Detroit Lions,Chicago Bears,72.0,0.0
11254,11/27/2014,2014,13,0,San Francisco 49ers,Seattle Seahawks,58.0,0.0
11255,11/30/2014,2014,13,0,Atlanta Falcons,Arizona Cardinals,72.0,0.0
11256,11/30/2014,2014,13,0,Baltimore Ravens,San Diego Chargers,58.0,0.0
11257,11/30/2014,2014,13,0,Buffalo Bills,Cleveland Browns,57.0,11.0
11258,11/30/2014,2014,13,0,Green Bay Packers,New England Patriots,23.0,7.0
11259,11/30/2014,2014,13,0,Houston Texans,Tennessee Titans,78.0,10.0
11260,11/30/2014,2014,13,0,Indianapolis Colts,Washington Redskins,72.0,0.0
11261,11/30/2014,2014,13,0,Jacksonville Jaguars,New York Giants,72.0,7.0
11262,11/30/2014,2014,13,0,Kansas City Chiefs,Denver Broncos,25.0,12.0
11263,11/30/2014,2014,13,0,Minnesota Vikings,Carolina Panthers,15.0,15.0
11264,11/30/2014,2014,13,0,Pittsburgh Steelers,New Orleans Saints,61.0,12.0
11265,11/30/2014,2014,13,0,St. Louis Rams,Oakland Raiders,72.0,0.0
11266,11/30/2014,2014,13,0,Tampa Bay Buccaneers,Cincinnati Bengals,76.0,7.0
11267,12/1/2014,2014,13,0,New York Jets,Miami Dolphins,43.0,9.0
11268,12/4/2014,2014,14,0,Chicago Bears,Dallas Cowboys,34.0,6.0
11269,12/7/2014,2014,14,0,Arizona Cardinals,Kansas City Chiefs,72.0,0.0
11270,12/7/2014,2014,14,0,Cincinnati Bengals,Pittsburgh Steelers,42.0,3.0
11271,12/7/2014,2014,14,0,Cleveland Browns,Indianapolis Colts,38.0,11.0
11272,12/7/2014,2014,14,0,Denver Broncos,Buffalo Bills,55.0,3.0
11273,12/7/2014,2014,14,0,Detroit Lions,Tampa Bay Buccaneers,72.0,0.0
11274,12/7/2014,2014,14,0,Jacksonville Jaguars,Houston Texans,58.0,9.0
11275,12/7/2014,2014,14,0,Miami Dolphins,Baltimore Ravens,77.0,12.0
11276,12/7/2014,2014,14,0,Minnesota Vikings,New York Jets,34.0,11.0
11277,12/7/2014,2014,14,0,New Orleans Saints,Carolina Panthers,72.0,0.0
11278,12/7/2014,2014,14,0,Oakland Raiders,San Francisco 49ers,61.0,2.0
11279,12/7/2014,2014,14,0,Philadelphia Eagles,Seattle Seahawks,39.0,6.0
11280,12/7/2014,2014,14,0,San Diego Chargers,New England Patriots,64.0,2.0
11281,12/7/2014,2014,14,0,Tennessee Titans,New York Giants,47.0,7.0
11282,12/7/2014,2014,14,0,Washington Redskins,St. Louis Rams,46.0,10.0
11283,12/8/2014,2014,14,0,Green Bay Packers,Atlanta Falcons,32.0,4.0
11284,12/11/2014,2014,15,0,St. Louis Rams,Arizona Cardinals,72.0,0.0
11285,12/14/2014,2014,15,0,Atlanta Falcons,Pittsburgh Steelers,72.0,0.0
11286,12/14/2014,2014,15,0,Baltimore Ravens,Jacksonville Jaguars,49.0,7.0
11287,12/14/2014,2014,15,0,Buffalo Bills,Green Bay Packers,34.0,9.0
11288,12/14/2014,2014,15,0,Carolina Panthers,Tampa Bay Buccaneers,58.0,2.0
11289,12/14/2014,2014,15,0,Cleveland Browns,Cincinnati Bengals,45.0,5.0
11290,12/14/2014,2014,15,0,Detroit Lions,Minnesota Vikings,72.0,0.0
11291,12/14/2014,2014,15,0,Indianapolis Colts,Houston Texans,72.0,0.0
11292,12/14/2014,2014,15,0,Kansas City Chiefs,Oakland Raiders,60.0,10.0
11293,12/14/2014,2014,15,0,New England Patriots,Miami Dolphins,43.0,5.0
11294,12/14/2014,2014,15,0,New York Giants,Washington Redskins,43.0,7.0
11295,12/14/2014,2014,15,0,Philadelphia Eagles,Dallas Cowboys,42.0,6.0
11296,12/14/2014,2014,15,0,San Diego Chargers,Denver Broncos,62.0,5.0
11297,12/14/2014,2014,15,0,Seattle Seahawks,San Francisco 49ers,49.0,2.0
11298,12/14/2014,2014,15,0,Tennessee Titans,New York Jets,49.0,1.0
11299,12/15/2014,2014,15,0,Chicago Bears,New Orleans Saints,42.0,6.0
11300,12/18/2014,2014,16,0,Jacksonville Jaguars,Tennessee Titans,54.0,3.0
11301,12/20/2014,2014,16,0,San Francisco 49ers,San Diego Chargers,58.0,1.0
11302,12/20/2014,2014,16,0,Washington Redskins,Philadelphia Eagles,35.0,1.0
11303,12/21/2014,2014,16,0,Arizona Cardinals,Seattle Seahawks,72.0,0.0
11304,12/21/2014,2014,16,0,Carolina Panthers,Cleveland Browns,50.0,4.0
11305,12/21/2014,2014,16,0,Chicago Bears,Detroit Lions,36.0,7.0
11306,12/21/2014,2014,16,0,Dallas Cowboys,Indianapolis Colts,51.0,9.0
11307,12/21/2014,2014,16,0,Houston Texans,Baltimore Ravens,58.0,2.0
11308,12/21/2014,2014,16,0,Miami Dolphins,Minnesota Vikings,78.0,7.0
11309,12/21/2014,2014,16,0,New Orleans Saints,Atlanta Falcons,72.0,0.0
11310,12/21/2014,2014,16,0,New York Jets,New England Patriots,35.0,4.0
11311,12/21/2014,2014,16,0,Oakland Raiders,Buffalo Bills,62.0,6.0
11312,12/21/2014,2014,16,0,Pittsburgh Steelers,Kansas City Chiefs,34.0,0.0
11313,12/21/2014,2014,16,0,St. Louis Rams,New York Giants,72.0,0.0
11314,12/21/2014,2014,16,0,Tampa Bay Buccaneers,Green Bay Packers,76.0,4.0
11315,12/22/2014,2014,16,0,Cincinnati Bengals,Denver Broncos,46.0,7.0
11316,12/28/2014,2014,17,0,Atlanta Falcons,Carolina Panthers,72.0,0.0
11317,12/28/2014,2014,17,0,Baltimore Ravens,Cleveland Browns,56.0,3.0
11318,12/28/2014,2014,17,0,Denver Broncos,Oakland Raiders,33.0,0.0
11319,12/28/2014,2014,17,0,Green Bay Packers,Detroit Lions,25.0,6.0
11320,12/28/2014,2014,17,0,Houston Texans,Jacksonville Jaguars,43.0,8.0
11321,12/28/2014,2014,17,0,Kansas City Chiefs,San Diego Chargers,37.0,5.0
11322,12/28/2014,2014,17,0,Miami Dolphins,New York Jets,80.0,7.0
11323,12/28/2014,2014,17,0,Minnesota Vikings,Chicago Bears,22.0,4.0
11324,12/28/2014,2014,17,0,New England Patriots,Buffalo Bills,49.0,8.0
11325,12/28/2014,2014,17,0,New York Giants,Philadelphia Eagles,51.0,6.0
11326,12/28/2014,2014,17,0,Pittsburgh Steelers,Cincinnati Bengals,35.0,1.0
11327,12/28/2014,2014,17,0,San Francisco 49ers,Arizona Cardinals,56.0,5.0
11328,12/28/2014,2014,17,0,Seattle Seahawks,St. Louis Rams,43.0,1.0
11329,12/28/2014,2014,17,0,Tampa Bay Buccaneers,New Orleans Saints,77.0,7.0
11330,12/28/2014,2014,17,0,Tennessee Titans,Indianapolis Colts,41.0,5.0
11331,12/28/2014,2014,17,0,Washington Redskins,Dallas Cowboys,57.0,4.0
11332,1/3/2015,2014,18,1,Carolina Panthers,Arizona Cardinals,51.0,6.0
11333,1/3/2015,2014,18,1,Pittsburgh Steelers,Baltimore Ravens,48.0,10.0
11334,1/4/2015,2014,18,1,Dallas Cowboys,Detroit Lions,72.0,0.0
11335,1/4/2015,2014,18,1,Indianapolis Colts,Cincinnati Bengals,72.0,0.0
11336,1/10/2015,2014,19,1,New England Patriots,Baltimore Ravens,20.0,12.0
11337,1/10/2015,2014,19,1,Seattle Seahawks,Carolina Panthers,48.0,0.0
11338,1/11/2015,2014,19,1,Denver Broncos,Indianapolis Colts,40.0,7.0
11339,1/11/2015,2014,19,1,Green Bay Packers,Dallas Cowboys,24.0,0.0
11340,1/18/2015,2014,20,1,New England Patriots,Indianapolis Colts,51.0,15.0
11341,1/18/2015,2014,20,1,Seattle Seahawks,Green Bay Packers,52.0,15.0
11342,2/1/2015,2014,22,1,Seattle Seahawks,New England Patriots,72.0,0.0
11343,9/10/2015,2015,1,0,New England Patriots,Pittsburgh Steelers,64.0,9.0
11344,9/13/2015,2015,1,0,Arizona Cardinals,New Orleans Saints,72.0,0.0
11345,9/13/2015,2015,1,0,Buffalo Bills,Indianapolis Colts,53.0,7.0
11346,9/13/2015,2015,1,0,Chicago Bears,Green Bay Packers,68.0,4.0
11347,9/13/2015,2015,1,0,Dallas Cowboys,New York Giants,72.0,0.0
11348,9/13/2015,2015,1,0,Denver Broncos,Baltimore Ravens,86.0,5.0
11349,9/13/2015,2015,1,0,Houston Texans,Kansas City Chiefs,83.0,8.0
11350,9/13/2015,2015,1,0,Jacksonville Jaguars,Carolina Panthers,81.0,1.0
11351,9/13/2015,2015,1,0,New York Jets,Cleveland Browns,76.0,7.0
11352,9/13/2015,2015,1,0,Oakland Raiders,Cincinnati Bengals,75.0,9.0
11353,9/13/2015,2015,1,0,San Diego Chargers,Detroit Lions,82.0,8.0
11354,9/13/2015,2015,1,0,St. Louis Rams,Seattle Seahawks,72.0,0.0
11355,9/13/2015,2015,1,0,Tampa Bay Buccaneers,Tennessee Titans,81.0,6.0
11356,9/13/2015,2015,1,0,Washington Redskins,Miami Dolphins,71.0,11.0
11357,9/14/2015,2015,1,0,Atlanta Falcons,Philadelphia Eagles,72.0,0.0
11358,9/14/2015,2015,1,0,San Francisco 49ers,Minnesota Vikings,64.0,4.0
11359,9/17/2015,2015,2,0,Kansas City Chiefs,Denver Broncos,80.0,8.0
11360,9/20/2015,2015,2,0,Buffalo Bills,New England Patriots,62.0,4.0
11361,9/20/2015,2015,2,0,Carolina Panthers,Houston Texans,88.0,2.0
11362,9/20/2015,2015,2,0,Chicago Bears,Arizona Cardinals,69.0,3.0
11363,9/20/2015,2015,2,0,Cincinnati Bengals,San Diego Chargers,73.0,6.0
11364,9/20/2015,2015,2,0,Cleveland Browns,Tennessee Titans,66.0,11.0
11365,9/20/2015,2015,2,0,Green Bay Packers,Seattle Seahawks,54.0,6.0
11366,9/20/2015,2015,2,0,Jacksonville Jaguars,Miami Dolphins,83.0,5.0
11367,9/20/2015,2015,2,0,Minnesota Vikings,Detroit Lions,70.0,12.0
11368,9/20/2015,2015,2,0,New Orleans Saints,Tampa Bay Buccaneers,72.0,0.0
11369,9/20/2015,2015,2,0,New York Giants,Atlanta Falcons,77.0,7.0
11370,9/20/2015,2015,2,0,Oakland Raiders,Baltimore Ravens,89.0,7.0
11371,9/20/2015,2015,2,0,Philadelphia Eagles,Dallas Cowboys,74.0,7.0
11372,9/20/2015,2015,2,0,Pittsburgh Steelers,San Francisco 49ers,69.0,2.0
11373,9/20/2015,2015,2,0,Washington Redskins,St. Louis Rams,75.0,6.0
11374,9/21/2015,2015,2,0,Indianapolis Colts,New York Jets,72.0,0.0
11375,9/24/2015,2015,3,0,New York Giants,Washington Redskins,66.0,2.0
11376,9/27/2015,2015,3,0,Arizona Cardinals,San Francisco 49ers,72.0,0.0
11377,9/27/2015,2015,3,0,Baltimore Ravens,Cincinnati Bengals,73.0,8.0
11378,9/27/2015,2015,3,0,Carolina Panthers,New Orleans Saints,67.0,8.0
11379,9/27/2015,2015,3,0,Cleveland Browns,Oakland Raiders,75.0,10.0
11380,9/27/2015,2015,3,0,Dallas Cowboys,Atlanta Falcons,72.0,0.0
11381,9/27/2015,2015,3,0,Detroit Lions,Denver Broncos,72.0,0.0
11382,9/27/2015,2015,3,0,Houston Texans,Tampa Bay Buccaneers,75.0,8.0
11383,9/27/2015,2015,3,0,Miami Dolphins,Buffalo Bills,80.0,0.0
11384,9/27/2015,2015,3,0,Minnesota Vikings,San Diego Chargers,80.0,13.0
11385,9/27/2015,2015,3,0,New England Patriots,Jacksonville Jaguars,70.0,3.0
11386,9/27/2015,2015,3,0,New York Jets,Philadelphia Eagles,70.0,5.0
11387,9/27/2015,2015,3,0,Seattle Seahawks,Chicago Bears,62.0,7.0
11388,9/27/2015,2015,3,0,St. Louis Rams,Pittsburgh Steelers,72.0,0.0
11389,9/27/2015,2015,3,0,Tennessee Titans,Indianapolis Colts,77.0,4.0
11390,9/28/2015,2015,3,0,Green Bay Packers,Kansas City Chiefs,62.0,3.0
11391,10/1/2015,2015,4,0,Pittsburgh Steelers,Baltimore Ravens,54.0,7.0
11392,10/4/2015,2015,4,0,Arizona Cardinals,St. Louis Rams,72.0,0.0
11393,10/4/2015,2015,4,0,Atlanta Falcons,Houston Texans,72.0,0.0
11394,10/4/2015,2015,4,0,Buffalo Bills,New York Giants,60.0,4.0
11395,10/4/2015,2015,4,0,Chicago Bears,Oakland Raiders,56.0,8.0
11396,10/4/2015,2015,4,0,Cincinnati Bengals,Kansas City Chiefs,73.0,8.0
11397,10/4/2015,2015,4,0,Denver Broncos,Minnesota Vikings,60.0,5.0
11398,10/4/2015,2015,4,0,Indianapolis Colts,Jacksonville Jaguars,72.0,0.0
11399,10/4/2015,2015,4,0,Miami Dolphins,New York Jets,62.0,6.0
11400,10/4/2015,2015,4,0,New Orleans Saints,Dallas Cowboys,72.0,0.0
11401,10/4/2015,2015,4,0,San Diego Chargers,Cleveland Browns,68.0,7.0
11402,10/4/2015,2015,4,0,San Francisco 49ers,Green Bay Packers,76.0,6.0
11403,10/4/2015,2015,4,0,Tampa Bay Buccaneers,Carolina Panthers,75.0,7.0
11404,10/4/2015,2015,4,0,Washington Redskins,Philadelphia Eagles,59.0,13.0
11405,10/5/2015,2015,4,0,Seattle Seahawks,Detroit Lions,61.0,2.0
11406,10/8/2015,2015,5,0,Houston Texans,Indianapolis Colts,76.0,2.0
11407,10/11/2015,2015,5,0,Atlanta Falcons,Washington Redskins,72.0,0.0
11408,10/11/2015,2015,5,0,Baltimore Ravens,Cleveland Browns,68.0,0.0
11409,10/11/2015,2015,5,0,Cincinnati Bengals,Seattle Seahawks,72.0,7.0
11410,10/11/2015,2015,5,0,Dallas Cowboys,New England Patriots,72.0,0.0
11411,10/11/2015,2015,5,0,Detroit Lions,Arizona Cardinals,72.0,0.0
11412,10/11/2015,2015,5,0,Green Bay Packers,St. Louis Rams,73.0,15.0
11413,10/11/2015,2015,5,0,Kansas City Chiefs,Chicago Bears,80.0,11.0
11414,10/11/2015,2015,5,0,New York Giants,San Francisco 49ers,57.0,3.0
11415,10/11/2015,2015,5,0,Oakland Raiders,Denver Broncos,76.0,8.0
11416,10/11/2015,2015,5,0,Philadelphia Eagles,New Orleans Saints,67.0,4.0
11417,10/11/2015,2015,5,0,Tampa Bay Buccaneers,Jacksonville Jaguars,83.0,9.0
11418,10/11/2015,2015,5,0,Tennessee Titans,Buffalo Bills,72.0,2.0
11419,10/12/2015,2015,5,0,San Diego Chargers,Pittsburgh Steelers,76.0,5.0
11420,10/15/2015,2015,6,0,New Orleans Saints,Atlanta Falcons,72.0,0.0
11421,10/18/2015,2015,6,0,Buffalo Bills,Cincinnati Bengals,37.0,2.0
11422,10/18/2015,2015,6,0,Cleveland Browns,Denver Broncos,46.0,11.0
11423,10/18/2015,2015,6,0,Detroit Lions,Chicago Bears,72.0,0.0
11424,10/18/2015,2015,6,0,Green Bay Packers,San Diego Chargers,49.0,8.0
11425,10/18/2015,2015,6,0,Indianapolis Colts,New England Patriots,72.0,0.0
11426,10/18/2015,2015,6,0,Jacksonville Jaguars,Houston Texans,70.0,13.0
11427,10/18/2015,2015,6,0,Minnesota Vikings,Kansas City Chiefs,62.0,15.0
11428,10/18/2015,2015,6,0,New York Jets,Washington Redskins,48.0,10.0
11429,10/18/2015,2015,6,0,Pittsburgh Steelers,Arizona Cardinals,42.0,8.0
11430,10/18/2015,2015,6,0,San Francisco 49ers,Baltimore Ravens,68.0,10.0
11431,10/18/2015,2015,6,0,Seattle Seahawks,Carolina Panthers,59.0,4.0
11432,10/18/2015,2015,6,0,Tennessee Titans,Miami Dolphins,60.0,6.0
11433,10/19/2015,2015,6,0,Philadelphia Eagles,New York Giants,44.0,6.0
11434,10/22/2015,2015,7,0,San Francisco 49ers,Seattle Seahawks,66.0,3.0
11435,10/25/2015,2015,7,0,Carolina Panthers,Philadelphia Eagles,64.0,0.0
11436,10/25/2015,2015,7,0,Detroit Lions,Minnesota Vikings,72.0,0.0
11437,10/25/2015,2015,7,0,Indianapolis Colts,New Orleans Saints,72.0,0.0
11438,10/25/2015,2015,7,0,Jacksonville Jaguars,Buffalo Bills,51.0,3.0
11439,10/25/2015,2015,7,0,Kansas City Chiefs,Pittsburgh Steelers,64.0,6.0
11440,10/25/2015,2015,7,0,Miami Dolphins,Houston Texans,82.0,11.0
11441,10/25/2015,2015,7,0,New England Patriots,New York Jets,58.0,6.0
11442,10/25/2015,2015,7,0,New York Giants,Dallas Cowboys,59.0,10.0
11443,10/25/2015,2015,7,0,San Diego Chargers,Oakland Raiders,77.0,5.0
11444,10/25/2015,2015,7,0,St. Louis Rams,Cleveland Browns,72.0,0.0
11445,10/25/2015,2015,7,0,Tennessee Titans,Atlanta Falcons,61.0,8.0
11446,10/25/2015,2015,7,0,Washington Redskins,Tampa Bay Buccaneers,70.0,8.0
11447,10/26/2015,2015,7,0,Arizona Cardinals,Baltimore Ravens,72.0,0.0
11448,10/29/2015,2015,8,0,New England Patriots,Miami Dolphins,53.0,9.0
11449,11/1/2015,2015,8,0,Atlanta Falcons,Tampa Bay Buccaneers,72.0,0.0
11450,11/1/2015,2015,8,0,Baltimore Ravens,San Diego Chargers,65.0,6.0
11451,11/1/2015,2015,8,0,Chicago Bears,Minnesota Vikings,61.0,7.0
11452,11/1/2015,2015,8,0,Cleveland Browns,Arizona Cardinals,63.0,17.0
11453,11/1/2015,2015,8,0,Dallas Cowboys,Seattle Seahawks,63.0,0.0
11454,11/1/2015,2015,8,0,Denver Broncos,Green Bay Packers,52.0,4.0
11455,11/1/2015,2015,8,0,Houston Texans,Tennessee Titans,68.0,4.0
11456,11/1/2015,2015,8,0,Kansas City Chiefs,Detroit Lions,57.0,3.0
11457,11/1/2015,2015,8,0,New Orleans Saints,New York Giants,72.0,0.0
11458,11/1/2015,2015,8,0,Oakland Raiders,New York Jets,68.0,8.0
11459,11/1/2015,2015,8,0,Pittsburgh Steelers,Cincinnati Bengals,63.0,9.0
11460,11/1/2015,2015,8,0,St. Louis Rams,San Francisco 49ers,72.0,0.0
11461,11/2/2015,2015,8,0,Carolina Panthers,Indianapolis Colts,62.0,5.0
11462,11/5/2015,2015,9,0,Cincinnati Bengals,Cleveland Browns,65.0,5.0
11463,11/8/2015,2015,9,0,Buffalo Bills,Miami Dolphins,47.0,6.0
11464,11/8/2015,2015,9,0,Carolina Panthers,Green Bay Packers,53.0,7.0
11465,11/8/2015,2015,9,0,Dallas Cowboys,Philadelphia Eagles,53.0,2.0
11466,11/8/2015,2015,9,0,Indianapolis Colts,Denver Broncos,72.0,0.0
11467,11/8/2015,2015,9,0,Minnesota Vikings,St. Louis Rams,57.0,14.0
11468,11/8/2015,2015,9,0,New England Patriots,Washington Redskins,54.0,8.0
11469,11/8/2015,2015,9,0,New Orleans Saints,Tennessee Titans,72.0,0.0
11470,11/8/2015,2015,9,0,New York Jets,Jacksonville Jaguars,57.0,7.0
11471,11/8/2015,2015,9,0,Pittsburgh Steelers,Oakland Raiders,51.0,0.0
11472,11/8/2015,2015,9,0,San Francisco 49ers,Atlanta Falcons,58.0,2.0
11473,11/8/2015,2015,9,0,Tampa Bay Buccaneers,New York Giants,77.0,1.0
11474,11/9/2015,2015,9,0,San Diego Chargers,Chicago Bears,61.0,7.0
11475,11/12/2015,2015,10,0,New York Jets,Buffalo Bills,56.0,9.0
11476,11/15/2015,2015,10,0,Baltimore Ravens,Jacksonville Jaguars,63.0,5.0
11477,11/15/2015,2015,10,0,Denver Broncos,Kansas City Chiefs,59.0,1.0
11478,11/15/2015,2015,10,0,Green Bay Packers,Detroit Lions,57.0,6.0
11479,11/15/2015,2015,10,0,New York Giants,New England Patriots,54.0,5.0
11480,11/15/2015,2015,10,0,Oakland Raiders,Minnesota Vikings,57.0,15.0
11481,11/15/2015,2015,10,0,Philadelphia Eagles,Miami Dolphins,59.0,9.0
11482,11/15/2015,2015,10,0,Pittsburgh Steelers,Cleveland Browns,60.0,6.0
11483,11/15/2015,2015,10,0,Seattle Seahawks,Arizona Cardinals,42.0,1.0
11484,11/15/2015,2015,10,0,St. Louis Rams,Chicago Bears,72.0,0.0
11485,11/15/2015,2015,10,0,Tampa Bay Buccaneers,Dallas Cowboys,77.0,9.0
11486,11/15/2015,2015,10,0,Tennessee Titans,Carolina Panthers,60.0,3.0
11487,11/15/2015,2015,10,0,Washington Redskins,New Orleans Saints,62.0,7.0
11488,11/16/2015,2015,10,0,Cincinnati Bengals,Houston Texans,49.0,2.0
11489,11/19/2015,2015,11,0,Jacksonville Jaguars,Tennessee Titans,71.0,2.0
11490,11/22/2015,2015,11,0,Arizona Cardinals,Cincinnati Bengals,72.0,0.0
11491,11/22/2015,2015,11,0,Atlanta Falcons,Indianapolis Colts,72.0,0.0
11492,11/22/2015,2015,11,0,Baltimore Ravens,St. Louis Rams,47.0,10.0
11493,11/22/2015,2015,11,0,Carolina Panthers,Washington Redskins,52.0,8.0
11494,11/22/2015,2015,11,0,Chicago Bears,Denver Broncos,29.0,6.0
11495,11/22/2015,2015,11,0,Detroit Lions,Oakland Raiders,72.0,0.0
11496,11/22/2015,2015,11,0,Houston Texans,New York Jets,52.0,5.0
11497,11/22/2015,2015,11,0,Miami Dolphins,Dallas Cowboys,75.0,10.0
11498,11/22/2015,2015,11,0,Minnesota Vikings,Green Bay Packers,32.0,7.0
11499,11/22/2015,2015,11,0,Philadelphia Eagles,Tampa Bay Buccaneers,48.0,10.0
11500,11/22/2015,2015,11,0,San Diego Chargers,Kansas City Chiefs,78.0,4.0
11501,11/22/2015,2015,11,0,Seattle Seahawks,San Francisco 49ers,48.0,3.0
11502,11/23/2015,2015,11,0,New England Patriots,Buffalo Bills,28.0,5.0
11503,11/26/2015,2015,12,0,Dallas Cowboys,Carolina Panthers,68.0,11.0
11504,11/26/2015,2015,12,0,Detroit Lions,Philadelphia Eagles,72.0,0.0
11505,11/26/2015,2015,12,0,Green Bay Packers,Chicago Bears,35.0,10.0
11506,11/29/2015,2015,12,0,Atlanta Falcons,Minnesota Vikings,72.0,0.0
11507,11/29/2015,2015,12,0,Cincinnati Bengals,St. Louis Rams,45.0,6.0
11508,11/29/2015,2015,12,0,Denver Broncos,New England Patriots,21.0,0.0
11509,11/29/2015,2015,12,0,Houston Texans,New Orleans Saints,55.0,8.0
11510,11/29/2015,2015,12,0,Indianapolis Colts,Tampa Bay Buccaneers,72.0,0.0
11511,11/29/2015,2015,12,0,Jacksonville Jaguars,San Diego Chargers,75.0,6.0
11512,11/29/2015,2015,12,0,Kansas City Chiefs,Buffalo Bills,34.0,5.0
11513,11/29/2015,2015,12,0,New York Jets,Miami Dolphins,48.0,5.0
11514,11/29/2015,2015,12,0,San Francisco 49ers,Arizona Cardinals,57.0,2.0
11515,11/29/2015,2015,12,0,Seattle Seahawks,Pittsburgh Steelers,37.0,2.0
11516,11/29/2015,2015,12,0,Tennessee Titans,Oakland Raiders,57.0,2.0
11517,11/29/2015,2015,12,0,Washington Redskins,New York Giants,46.0,5.0
11518,11/30/2015,2015,12,0,Cleveland Browns,Baltimore Ravens,42.0,8.0
11519,12/3/2015,2015,13,0,Detroit Lions,Green Bay Packers,72.0,0.0
11520,12/6/2015,2015,13,0,Buffalo Bills,Houston Texans,49.0,4.0
11521,12/6/2015,2015,13,0,Chicago Bears,San Francisco 49ers,46.0,4.0
11522,12/6/2015,2015,13,0,Cleveland Browns,Cincinnati Bengals,46.0,5.0
11523,12/6/2015,2015,13,0,Miami Dolphins,Baltimore Ravens,78.0,14.0
11524,12/6/2015,2015,13,0,Minnesota Vikings,Seattle Seahawks,36.0,3.0
11525,12/6/2015,2015,13,0,New England Patriots,Philadelphia Eagles,44.0,5.0
11526,12/6/2015,2015,13,0,New Orleans Saints,Carolina Panthers,72.0,0.0
11527,12/6/2015,2015,13,0,New York Giants,New York Jets,52.0,5.0
11528,12/6/2015,2015,13,0,Oakland Raiders,Kansas City Chiefs,60.0,3.0
11529,12/6/2015,2015,13,0,Pittsburgh Steelers,Indianapolis Colts,35.0,2.0
11530,12/6/2015,2015,13,0,San Diego Chargers,Denver Broncos,71.0,7.0
11531,12/6/2015,2015,13,0,St. Louis Rams,Arizona Cardinals,72.0,0.0
11532,12/6/2015,2015,13,0,Tampa Bay Buccaneers,Atlanta Falcons,78.0,11.0
11533,12/6/2015,2015,13,0,Tennessee Titans,Jacksonville Jaguars,56.0,4.0
11534,12/7/2015,2015,13,0,Washington Redskins,Dallas Cowboys,44.0,2.0
11535,12/10/2015,2015,14,0,Arizona Cardinals,Minnesota Vikings,72.0,0.0
11536,12/13/2015,2015,14,0,Baltimore Ravens,Seattle Seahawks,66.0,3.0
11537,12/13/2015,2015,14,0,Carolina Panthers,Atlanta Falcons,70.0,6.0
11538,12/13/2015,2015,14,0,Chicago Bears,Washington Redskins,58.0,11.0
11539,12/13/2015,2015,14,0,Cincinnati Bengals,Pittsburgh Steelers,65.0,6.0
11540,12/13/2015,2015,14,0,Cleveland Browns,San Francisco 49ers,62.0,8.0
11541,12/13/2015,2015,14,0,Denver Broncos,Oakland Raiders,39.0,2.0
11542,12/13/2015,2015,14,0,Green Bay Packers,Dallas Cowboys,52.0,9.0
11543,12/13/2015,2015,14,0,Houston Texans,New England Patriots,52.0,3.0
11544,12/13/2015,2015,14,0,Jacksonville Jaguars,Indianapolis Colts,77.0,8.0
11545,12/13/2015,2015,14,0,Kansas City Chiefs,San Diego Chargers,60.0,11.0
11546,12/13/2015,2015,14,0,New York Jets,Tennessee Titans,65.0,4.0
11547,12/13/2015,2015,14,0,Philadelphia Eagles,Buffalo Bills,69.0,1.0
11548,12/13/2015,2015,14,0,St. Louis Rams,Detroit Lions,72.0,0.0
11549,12/13/2015,2015,14,0,Tampa Bay Buccaneers,New Orleans Saints,80.0,12.0
11550,12/14/2015,2015,14,0,Miami Dolphins,New York Giants,75.0,5.0
11551,12/17/2015,2015,15,0,St. Louis Rams,Tampa Bay Buccaneers,72.0,0.0
11552,12/19/2015,2015,15,0,Dallas Cowboys,New York Jets,50.0,7.0
11553,12/20/2015,2015,15,0,Baltimore Ravens,Kansas City Chiefs,43.0,3.0
11554,12/20/2015,2015,15,0,Indianapolis Colts,Houston Texans,72.0,0.0
11555,12/20/2015,2015,15,0,Jacksonville Jaguars,Atlanta Falcons,68.0,7.0
11556,12/20/2015,2015,15,0,Minnesota Vikings,Chicago Bears,36.0,3.0
11557,12/20/2015,2015,15,0,New England Patriots,Tennessee Titans,39.0,5.0
11558,12/20/2015,2015,15,0,New York Giants,Carolina Panthers,41.0,4.0
11559,12/20/2015,2015,15,0,Oakland Raiders,Green Bay Packers,51.0,10.0
11560,12/20/2015,2015,15,0,Philadelphia Eagles,Arizona Cardinals,34.0,3.0
11561,12/20/2015,2015,15,0,Pittsburgh Steelers,Denver Broncos,36.0,3.0
11562,12/20/2015,2015,15,0,San Diego Chargers,Miami Dolphins,60.0,6.0
11563,12/20/2015,2015,15,0,San Francisco 49ers,Cincinnati Bengals,52.0,5.0
11564,12/20/2015,2015,15,0,Seattle Seahawks,Cleveland Browns,44.0,8.0
11565,12/20/2015,2015,15,0,Washington Redskins,Buffalo Bills,45.0,3.0
11566,12/21/2015,2015,15,0,New Orleans Saints,Detroit Lions,72.0,0.0
11567,12/24/2015,2015,16,0,Oakland Raiders,San Diego Chargers,46.0,8.0
11568,12/26/2015,2015,16,0,Philadelphia Eagles,Washington Redskins,50.0,5.0
11569,12/27/2015,2015,16,0,Arizona Cardinals,Green Bay Packers,72.0,0.0
11570,12/27/2015,2015,16,0,Atlanta Falcons,Carolina Panthers,72.0,0.0
11571,12/27/2015,2015,16,0,Baltimore Ravens,Pittsburgh Steelers,63.0,6.0
11572,12/27/2015,2015,16,0,Buffalo Bills,Dallas Cowboys,37.0,5.0
11573,12/27/2015,2015,16,0,Detroit Lions,San Francisco 49ers,72.0,0.0
11574,12/27/2015,2015,16,0,Kansas City Chiefs,Cleveland Browns,34.0,12.0
11575,12/27/2015,2015,16,0,Miami Dolphins,Indianapolis Colts,81.0,13.0
11576,12/27/2015,2015,16,0,Minnesota Vikings,New York Giants,12.0,5.0
11577,12/27/2015,2015,16,0,New Orleans Saints,Jacksonville Jaguars,72.0,0.0
11578,12/27/2015,2015,16,0,New York Jets,New England Patriots,56.0,7.0
11579,12/27/2015,2015,16,0,Seattle Seahawks,St. Louis Rams,37.0,2.0
11580,12/27/2015,2015,16,0,Tampa Bay Buccaneers,Chicago Bears,83.0,11.0
11581,12/27/2015,2015,16,0,Tennessee Titans,Houston Texans,72.0,10.0
11582,12/28/2015,2015,16,0,Denver Broncos,Cincinnati Bengals,16.0,0.0
11583,1/3/2016,2015,17,0,Arizona Cardinals,Seattle Seahawks,72.0,0.0
11584,1/3/2016,2015,17,0,Atlanta Falcons,New Orleans Saints,72.0,0.0
11585,1/3/2016,2015,17,0,Buffalo Bills,New York Jets,30.0,10.0
11586,1/3/2016,2015,17,0,Carolina Panthers,Tampa Bay Buccaneers,48.0,5.0
11587,1/3/2016,2015,17,0,Chicago Bears,Detroit Lions,30.0,10.0
11588,1/3/2016,2015,17,0,Cincinnati Bengals,Baltimore Ravens,33.0,5.0
11589,1/3/2016,2015,17,0,Cleveland Browns,Pittsburgh Steelers,34.0,12.0
11590,1/3/2016,2015,17,0,Dallas Cowboys,Washington Redskins,54.0,4.0
11591,1/3/2016,2015,17,0,Denver Broncos,San Diego Chargers,44.0,0.0
11592,1/3/2016,2015,17,0,Green Bay Packers,Minnesota Vikings,23.0,5.0
11593,1/3/2016,2015,17,0,Houston Texans,Jacksonville Jaguars,56.0,4.0
11594,1/3/2016,2015,17,0,Indianapolis Colts,Tennessee Titans,72.0,0.0
11595,1/3/2016,2015,17,0,Kansas City Chiefs,Oakland Raiders,32.0,7.0
11596,1/3/2016,2015,17,0,Miami Dolphins,New England Patriots,78.0,4.0
11597,1/3/2016,2015,17,0,New York Giants,Philadelphia Eagles,44.0,10.0
11598,1/3/2016,2015,17,0,San Francisco 49ers,St. Louis Rams,57.0,0.0
11599,1/9/2016,2015,18,1,Cincinnati Bengals,Pittsburgh Steelers,51.0,5.0
11600,1/9/2016,2015,18,1,Houston Texans,Kansas City Chiefs,72.0,0.0
11601,1/10/2016,2015,18,1,Minnesota Vikings,Seattle Seahawks,-6.0,12.0
11602,1/10/2016,2015,18,1,Washington Redskins,Green Bay Packers,61.0,14.0
11603,1/16/2016,2015,19,1,Arizona Cardinals,Green Bay Packers,72.0,0.0
11604,1/16/2016,2015,19,1,New England Patriots,Kansas City Chiefs,38.0,6.0
11605,1/17/2016,2015,19,1,Carolina Panthers,Seattle Seahawks,43.0,7.0
11606,1/17/2016,2015,19,1,Denver Broncos,Pittsburgh Steelers,43.0,9.0
11607,1/24/2016,2015,20,1,Carolina Panthers,Arizona Cardinals,39.0,4.0
11608,1/24/2016,2015,20,1,Denver Broncos,New England Patriots,46.0,6.0
11609,2/7/2016,2015,22,1,Denver Broncos,Carolina Panthers,76.0,16.0
11610,9/8/2016,2016,1,0,Denver Broncos,Carolina Panthers,82.0,2.0
11611,9/11/2016,2016,1,0,Arizona Cardinals,New England Patriots,72.0,0.0
11612,9/11/2016,2016,1,0,Atlanta Falcons,Tampa Bay Buccaneers,72.0,0.0
11613,9/11/2016,2016,1,0,Baltimore Ravens,Buffalo Bills,82.0,7.0
11614,9/11/2016,2016,1,0,Dallas Cowboys,New York Giants,72.0,0.0
11615,9/11/2016,2016,1,0,Houston Texans,Chicago Bears,87.0,2.0
11616,9/11/2016,2016,1,0,Indianapolis Colts,Detroit Lions,72.0,0.0
11617,9/11/2016,2016,1,0,Jacksonville Jaguars,Green Bay Packers,91.0,1.0
11618,9/11/2016,2016,1,0,Kansas City Chiefs,San Diego Chargers,73.0,7.0
11619,9/11/2016,2016,1,0,New Orleans Saints,Oakland Raiders,72.0,0.0
11620,9/11/2016,2016,1,0,New York Jets,Cincinnati Bengals,80.0,9.0
11621,9/11/2016,2016,1,0,Philadelphia Eagles,Cleveland Browns,83.0,9.0
11622,9/11/2016,2016,1,0,Seattle Seahawks,Miami Dolphins,64.0,2.0
11623,9/11/2016,2016,1,0,Tennessee Titans,Minnesota Vikings,77.0,3.0
11624,9/12/2016,2016,1,0,San Francisco 49ers,Los Angeles Rams,66.0,17.0
11625,9/12/2016,2016,1,0,Washington Redskins,Pittsburgh Steelers,76.0,3.0
11626,9/15/2016,2016,2,0,Buffalo Bills,New York Jets,54.0,2.0
11627,9/18/2016,2016,2,0,Arizona Cardinals,Tampa Bay Buccaneers,72.0,0.0
11628,9/18/2016,2016,2,0,Carolina Panthers,San Francisco 49ers,85.0,3.0
11629,9/18/2016,2016,2,0,Cleveland Browns,Baltimore Ravens,75.0,5.0
11630,9/18/2016,2016,2,0,Denver Broncos,Indianapolis Colts,86.0,1.0
11631,9/18/2016,2016,2,0,Detroit Lions,Tennessee Titans,72.0,0.0
11632,9/18/2016,2016,2,0,Houston Texans,Kansas City Chiefs,89.0,2.0
11633,9/18/2016,2016,2,0,Los Angeles Rams,Seattle Seahawks,85.0,4.0
11634,9/18/2016,2016,2,0,Minnesota Vikings,Green Bay Packers,72.0,0.0
11635,9/18/2016,2016,2,0,New England Patriots,Miami Dolphins,78.0,6.0
11636,9/18/2016,2016,2,0,New York Giants,New Orleans Saints,79.0,5.0
11637,9/18/2016,2016,2,0,Oakland Raiders,Atlanta Falcons,83.0,3.0
11638,9/18/2016,2016,2,0,Pittsburgh Steelers,Cincinnati Bengals,71.0,3.0
11639,9/18/2016,2016,2,0,San Diego Chargers,Jacksonville Jaguars,78.0,5.0
11640,9/18/2016,2016,2,0,Washington Redskins,Dallas Cowboys,84.0,5.0
11641,9/19/2016,2016,2,0,Chicago Bears,Philadelphia Eagles,80.0,2.0
11642,9/22/2016,2016,3,0,New England Patriots,Houston Texans,68.0,3.0
11643,9/25/2016,2016,3,0,Buffalo Bills,Arizona Cardinals,62.0,1.0
11644,9/25/2016,2016,3,0,Carolina Panthers,Minnesota Vikings,84.0,2.0
11645,9/25/2016,2016,3,0,Cincinnati Bengals,Denver Broncos,82.0,0.0
11646,9/25/2016,2016,3,0,Dallas Cowboys,Chicago Bears,72.0,0.0
11647,9/25/2016,2016,3,0,Green Bay Packers,Detroit Lions,72.0,10.0
11648,9/25/2016,2016,3,0,Indianapolis Colts,San Diego Chargers,72.0,0.0
11649,9/25/2016,2016,3,0,Jacksonville Jaguars,Baltimore Ravens,87.0,4.0
11650,9/25/2016,2016,3,0,Kansas City Chiefs,New York Jets,65.0,6.0
11651,9/25/2016,2016,3,0,Miami Dolphins,Cleveland Browns,85.0,7.0
11652,9/25/2016,2016,3,0,New York Giants,Washington Redskins,67.0,4.0
11653,9/25/2016,2016,3,0,Philadelphia Eagles,Pittsburgh Steelers,71.0,1.0
11654,9/25/2016,2016,3,0,Seattle Seahawks,San Francisco 49ers,69.0,2.0
11655,9/25/2016,2016,3,0,Tampa Bay Buccaneers,Los Angeles Rams,89.0,3.0
11656,9/25/2016,2016,3,0,Tennessee Titans,Oakland Raiders,89.0,3.0
11657,9/26/2016,2016,3,0,New Orleans Saints,Atlanta Falcons,72.0,0.0
11658,9/29/2016,2016,4,0,Cincinnati Bengals,Miami Dolphins,59.0,0.0
11659,10/2/2016,2016,4,0,Arizona Cardinals,Los Angeles Rams,72.0,0.0
11660,10/2/2016,2016,4,0,Atlanta Falcons,Carolina Panthers,72.0,0.0
11661,10/2/2016,2016,4,0,Baltimore Ravens,Oakland Raiders,67.0,0.0
11662,10/2/2016,2016,4,0,Chicago Bears,Detroit Lions,64.0,2.0
11663,10/2/2016,2016,4,0,Houston Texans,Tennessee Titans,82.0,4.0
11664,10/2/2016,2016,4,0,Jacksonville Jaguars,Indianapolis Colts,58.0,6.0
11665,10/2/2016,2016,4,0,New England Patriots,Buffalo Bills,56.0,2.0
11666,10/2/2016,2016,4,0,New York Jets,Seattle Seahawks,61.0,0.0
11667,10/2/2016,2016,4,0,Pittsburgh Steelers,Kansas City Chiefs,60.0,0.0
11668,10/2/2016,2016,4,0,San Diego Chargers,New Orleans Saints,73.0,6.0
11669,10/2/2016,2016,4,0,San Francisco 49ers,Dallas Cowboys,68.0,8.0
11670,10/2/2016,2016,4,0,Tampa Bay Buccaneers,Denver Broncos,89.0,4.0
11671,10/2/2016,2016,4,0,Washington Redskins,Cleveland Browns,70.0,1.0
11672,10/3/2016,2016,4,0,Minnesota Vikings,New York Giants,72.0,0.0
11673,10/6/2016,2016,5,0,San Francisco 49ers,Arizona Cardinals,72.0,7.0
11674,10/9/2016,2016,5,0,Baltimore Ravens,Washington Redskins,61.0,12.0
11675,10/9/2016,2016,5,0,Cleveland Browns,New England Patriots,57.0,9.0
11676,10/9/2016,2016,5,0,Dallas Cowboys,Cincinnati Bengals,72.0,0.0
11677,10/9/2016,2016,5,0,Denver Broncos,Atlanta Falcons,73.0,1.0
11678,10/9/2016,2016,5,0,Detroit Lions,Philadelphia Eagles,72.0,0.0
11679,10/9/2016,2016,5,0,Green Bay Packers,New York Giants,48.0,2.0
11680,10/9/2016,2016,5,0,Indianapolis Colts,Chicago Bears,72.0,0.0
11681,10/9/2016,2016,5,0,Los Angeles Rams,Buffalo Bills,87.0,5.0
11682,10/9/2016,2016,5,0,Miami Dolphins,Tennessee Titans,87.0,12.0
11683,10/9/2016,2016,5,0,Minnesota Vikings,Houston Texans,72.0,0.0
11684,10/9/2016,2016,5,0,Oakland Raiders,San Diego Chargers,78.0,4.0
11685,10/9/2016,2016,5,0,Pittsburgh Steelers,New York Jets,57.0,6.0
11686,10/10/2016,2016,5,0,Carolina Panthers,Tampa Bay Buccaneers,57.0,2.0
11687,10/13/2016,2016,6,0,San Diego Chargers,Denver Broncos,69.0,6.0
11688,10/16/2016,2016,6,0,Buffalo Bills,San Francisco 49ers,72.0,9.0
11689,10/16/2016,2016,6,0,Chicago Bears,Jacksonville Jaguars,67.0,3.0
11690,10/16/2016,2016,6,0,Detroit Lions,Los Angeles Rams,72.0,0.0
11691,10/16/2016,2016,6,0,Green Bay Packers,Dallas Cowboys,67.0,4.0
11692,10/16/2016,2016,6,0,Houston Texans,Indianapolis Colts,80.0,6.0
11693,10/16/2016,2016,6,0,Miami Dolphins,Pittsburgh Steelers,82.0,11.0
11694,10/16/2016,2016,6,0,New England Patriots,Cincinnati Bengals,66.0,7.0
11695,10/16/2016,2016,6,0,New Orleans Saints,Carolina Panthers,72.0,0.0
11696,10/16/2016,2016,6,0,New York Giants,Baltimore Ravens,66.0,6.0
11697,10/16/2016,2016,6,0,Oakland Raiders,Kansas City Chiefs,61.0,5.0
11698,10/16/2016,2016,6,0,Seattle Seahawks,Atlanta Falcons,54.0,5.0
11699,10/16/2016,2016,6,0,Tennessee Titans,Cleveland Browns,79.0,7.0
11700,10/16/2016,2016,6,0,Washington Redskins,Philadelphia Eagles,69.0,5.0
11701,10/17/2016,2016,6,0,Arizona Cardinals,New York Jets,72.0,0.0
11702,10/20/2016,2016,7,0,Green Bay Packers,Chicago Bears,47.0,3.0
11703,10/23/2016,2016,7,0,Arizona Cardinals,Seattle Seahawks,72.0,0.0
11704,10/23/2016,2016,7,0,Atlanta Falcons,San Diego Chargers,72.0,0.0
11705,10/23/2016,2016,7,0,Cincinnati Bengals,Cleveland Browns,66.0,6.0
11706,10/23/2016,2016,7,0,Detroit Lions,Washington Redskins,72.0,0.0
11707,10/23/2016,2016,7,0,Jacksonville Jaguars,Oakland Raiders,72.0,5.0
11708,10/23/2016,2016,7,0,Kansas City Chiefs,New Orleans Saints,69.0,6.0
11709,10/23/2016,2016,7,0,Los Angeles Rams,New York Giants,54.0,10.0
11710,10/23/2016,2016,7,0,Miami Dolphins,Buffalo Bills,80.0,10.0
11711,10/23/2016,2016,7,0,New York Jets,Baltimore Ravens,58.0,11.0
11712,10/23/2016,2016,7,0,Philadelphia Eagles,Minnesota Vikings,61.0,10.0
11713,10/23/2016,2016,7,0,Pittsburgh Steelers,New England Patriots,63.0,6.0
11714,10/23/2016,2016,7,0,San Francisco 49ers,Tampa Bay Buccaneers,69.0,2.0
11715,10/23/2016,2016,7,0,Tennessee Titans,Indianapolis Colts,71.0,5.0
11716,10/24/2016,2016,7,0,Denver Broncos,Houston Texans,66.0,2.0
11717,10/27/2016,2016,8,0,Tennessee Titans,Jacksonville Jaguars,66.0,4.0
11718,10/30/2016,2016,8,0,Atlanta Falcons,Green Bay Packers,72.0,0.0
11719,10/30/2016,2016,8,0,Buffalo Bills,New England Patriots,50.0,2.0
11720,10/30/2016,2016,8,0,Carolina Panthers,Arizona Cardinals,80.0,4.0
11721,10/30/2016,2016,8,0,Cincinnati Bengals,Washington Redskins,52.0,3.0
11722,10/30/2016,2016,8,0,Cleveland Browns,New York Jets,54.0,9.0
11723,10/30/2016,2016,8,0,Dallas Cowboys,Philadelphia Eagles,72.0,0.0
11724,10/30/2016,2016,8,0,Denver Broncos,San Diego Chargers,75.0,3.0
11725,10/30/2016,2016,8,0,Houston Texans,Detroit Lions,80.0,3.0
11726,10/30/2016,2016,8,0,Indianapolis Colts,Kansas City Chiefs,72.0,0.0
11727,10/30/2016,2016,8,0,New Orleans Saints,Seattle Seahawks,72.0,0.0
11728,10/30/2016,2016,8,0,Tampa Bay Buccaneers,Oakland Raiders,84.0,10.0
11729,10/31/2016,2016,8,0,Chicago Bears,Minnesota Vikings,57.0,3.0
11730,11/3/2016,2016,9,0,Tampa Bay Buccaneers,Atlanta Falcons,75.0,2.0
11731,11/6/2016,2016,9,0,Baltimore Ravens,Pittsburgh Steelers,63.0,10.0
11732,11/6/2016,2016,9,0,Cleveland Browns,Dallas Cowboys,56.0,2.0
11733,11/6/2016,2016,9,0,Green Bay Packers,Indianapolis Colts,67.0,5.0
11734,11/6/2016,2016,9,0,Kansas City Chiefs,Jacksonville Jaguars,60.0,6.0
11735,11/6/2016,2016,9,0,Los Angeles Rams,Carolina Panthers,72.0,3.0
11736,11/6/2016,2016,9,0,Miami Dolphins,New York Jets,79.0,11.0
11737,11/6/2016,2016,9,0,Minnesota Vikings,Detroit Lions,72.0,0.0
11738,11/6/2016,2016,9,0,New York Giants,Philadelphia Eagles,57.0,8.0
11739,11/6/2016,2016,9,0,Oakland Raiders,Denver Broncos,67.0,3.0
11740,11/6/2016,2016,9,0,San Diego Chargers,Tennessee Titans,74.0,3.0
11741,11/6/2016,2016,9,0,San Francisco 49ers,New Orleans Saints,68.0,1.0
11742,11/7/2016,2016,9,0,Seattle Seahawks,Buffalo Bills,60.0,0.0
11743,11/10/2016,2016,10,0,Baltimore Ravens,Cleveland Browns,52.0,1.0
11744,11/13/2016,2016,10,0,Arizona Cardinals,San Francisco 49ers,72.0,0.0
11745,11/13/2016,2016,10,0,Carolina Panthers,Kansas City Chiefs,48.0,4.0
11746,11/13/2016,2016,10,0,Jacksonville Jaguars,Houston Texans,71.0,6.0
11747,11/13/2016,2016,10,0,New England Patriots,Seattle Seahawks,45.0,2.0
11748,11/13/2016,2016,10,0,New Orleans Saints,Denver Broncos,72.0,0.0
11749,11/13/2016,2016,10,0,New York Jets,Los Angeles Rams,55.0,4.0
11750,11/13/2016,2016,10,0,Philadelphia Eagles,Atlanta Falcons,54.0,6.0
11751,11/13/2016,2016,10,0,Pittsburgh Steelers,Dallas Cowboys,54.0,2.0
11752,11/13/2016,2016,10,0,San Diego Chargers,Miami Dolphins,84.0,3.0
11753,11/13/2016,2016,10,0,Tampa Bay Buccaneers,Chicago Bears,77.0,2.0
11754,11/13/2016,2016,10,0,Tennessee Titans,Green Bay Packers,55.0,0.0
11755,11/13/2016,2016,10,0,Washington Redskins,Minnesota Vikings,55.0,4.0
11756,11/14/2016,2016,10,0,New York Giants,Cincinnati Bengals,54.0,1.0
11757,11/17/2016,2016,11,0,Carolina Panthers,New Orleans Saints,57.0,2.0
11758,11/20/2016,2016,11,0,Cincinnati Bengals,Buffalo Bills,37.0,7.0
11759,11/20/2016,2016,11,0,Cleveland Browns,Pittsburgh Steelers,35.0,16.0
11760,11/20/2016,2016,11,0,Dallas Cowboys,Baltimore Ravens,53.0,7.0
11761,11/20/2016,2016,11,0,Detroit Lions,Jacksonville Jaguars,72.0,0.0
11762,11/20/2016,2016,11,0,Indianapolis Colts,Tennessee Titans,72.0,0.0
11763,11/20/2016,2016,11,0,Kansas City Chiefs,Tampa Bay Buccaneers,43.0,8.0
11764,11/20/2016,2016,11,0,Los Angeles Rams,Miami Dolphins,63.0,4.0
11765,11/20/2016,2016,11,0,Minnesota Vikings,Arizona Cardinals,72.0,0.0
11766,11/20/2016,2016,11,0,New York Giants,Chicago Bears,40.0,12.0
11767,11/20/2016,2016,11,0,San Francisco 49ers,New England Patriots,61.0,1.0
11768,11/20/2016,2016,11,0,Seattle Seahawks,Philadelphia Eagles,51.0,4.0
11769,11/20/2016,2016,11,0,Washington Redskins,Green Bay Packers,38.0,15.0
11770,11/21/2016,2016,11,0,Oakland Raiders,Houston Texans,62.0,0.0
11771,11/24/2016,2016,12,0,Dallas Cowboys,Washington Redskins,69.0,5.0
11772,11/24/2016,2016,12,0,Detroit Lions,Minnesota Vikings,72.0,0.0
11773,11/24/2016,2016,12,0,Indianapolis Colts,Pittsburgh Steelers,72.0,0.0
11774,11/27/2016,2016,12,0,Atlanta Falcons,Arizona Cardinals,72.0,0.0
11775,11/27/2016,2016,12,0,Baltimore Ravens,Cincinnati Bengals,49.0,8.0
11776,11/27/2016,2016,12,0,Buffalo Bills,Jacksonville Jaguars,38.0,6.0
11777,11/27/2016,2016,12,0,Chicago Bears,Tennessee Titans,38.0,5.0
11778,11/27/2016,2016,12,0,Cleveland Browns,New York Giants,46.0,10.0
11779,11/27/2016,2016,12,0,Denver Broncos,Kansas City Chiefs,44.0,6.0
11780,11/27/2016,2016,12,0,Houston Texans,San Diego Chargers,67.0,9.0
11781,11/27/2016,2016,12,0,Miami Dolphins,San Francisco 49ers,79.0,10.0
11782,11/27/2016,2016,12,0,New Orleans Saints,Los Angeles Rams,72.0,0.0
11783,11/27/2016,2016,12,0,New York Jets,New England Patriots,48.0,8.0
11784,11/27/2016,2016,12,0,Oakland Raiders,Carolina Panthers,56.0,6.0
11785,11/27/2016,2016,12,0,Tampa Bay Buccaneers,Seattle Seahawks,78.0,7.0
11786,11/28/2016,2016,12,0,Philadelphia Eagles,Green Bay Packers,47.0,4.0
11787,12/1/2016,2016,13,0,Minnesota Vikings,Dallas Cowboys,72.0,0.0
11788,12/4/2016,2016,13,0,Arizona Cardinals,Washington Redskins,72.0,0.0
11789,12/4/2016,2016,13,0,Atlanta Falcons,Kansas City Chiefs,72.0,0.0
11790,12/4/2016,2016,13,0,Baltimore Ravens,Miami Dolphins,45.0,3.0
11791,12/4/2016,2016,13,0,Chicago Bears,San Francisco 49ers,35.0,5.0
11792,12/4/2016,2016,13,0,Cincinnati Bengals,Philadelphia Eagles,41.0,3.0
11793,12/4/2016,2016,13,0,Green Bay Packers,Houston Texans,31.0,4.0
11794,12/4/2016,2016,13,0,Jacksonville Jaguars,Denver Broncos,75.0,3.0
11795,12/4/2016,2016,13,0,New England Patriots,Los Angeles Rams,37.0,7.0
11796,12/4/2016,2016,13,0,New Orleans Saints,Detroit Lions,72.0,0.0
11797,12/4/2016,2016,13,0,Oakland Raiders,Buffalo Bills,55.0,2.0
11798,12/4/2016,2016,13,0,Pittsburgh Steelers,New York Giants,40.0,2.0
11799,12/4/2016,2016,13,0,San Diego Chargers,Tampa Bay Buccaneers,71.0,3.0
11800,12/4/2016,2016,13,0,Seattle Seahawks,Carolina Panthers,41.0,1.0
11801,12/5/2016,2016,13,0,New York Jets,Indianapolis Colts,43.0,2.0
11802,12/8/2016,2016,14,0,Kansas City Chiefs,Oakland Raiders,23.0,4.0
11803,12/11/2016,2016,14,0,Buffalo Bills,Pittsburgh Steelers,24.0,6.0
11804,12/11/2016,2016,14,0,Carolina Panthers,San Diego Chargers,42.0,2.0
11805,12/11/2016,2016,14,0,Cleveland Browns,Cincinnati Bengals,28.0,13.0
11806,12/11/2016,2016,14,0,Detroit Lions,Chicago Bears,72.0,0.0
11807,12/11/2016,2016,14,0,Green Bay Packers,Seattle Seahawks,27.0,2.0
11808,12/11/2016,2016,14,0,Indianapolis Colts,Houston Texans,72.0,0.0
11809,12/11/2016,2016,14,0,Jacksonville Jaguars,Minnesota Vikings,66.0,1.0
11810,12/11/2016,2016,14,0,Los Angeles Rams,Atlanta Falcons,64.0,2.0
11811,12/11/2016,2016,14,0,Miami Dolphins,Arizona Cardinals,75.0,15.0
11812,12/11/2016,2016,14,0,New York Giants,Dallas Cowboys,30.0,2.0
11813,12/11/2016,2016,14,0,Philadelphia Eagles,Washington Redskins,33.0,2.0
11814,12/11/2016,2016,14,0,San Francisco 49ers,New York Jets,53.0,3.0
11815,12/11/2016,2016,14,0,Tampa Bay Buccaneers,New Orleans Saints,75.0,9.0
11816,12/11/2016,2016,14,0,Tennessee Titans,Denver Broncos,48.0,11.0
11817,12/12/2016,2016,14,0,New England Patriots,Baltimore Ravens,33.0,1.0
11818,12/15/2016,2016,15,0,Seattle Seahawks,Los Angeles Rams,35.0,3.0
11819,12/17/2016,2016,15,0,New York Jets,Miami Dolphins,34.0,3.0
11820,12/18/2016,2016,15,0,Arizona Cardinals,New Orleans Saints,72.0,0.0
11821,12/18/2016,2016,15,0,Atlanta Falcons,San Francisco 49ers,72.0,0.0
11822,12/18/2016,2016,15,0,Baltimore Ravens,Philadelphia Eagles,58.0,6.0
11823,12/18/2016,2016,15,0,Buffalo Bills,Cleveland Browns,25.0,12.0
11824,12/18/2016,2016,15,0,Chicago Bears,Green Bay Packers,9.0,7.0
11825,12/18/2016,2016,15,0,Cincinnati Bengals,Pittsburgh Steelers,26.0,7.0
11826,12/18/2016,2016,15,0,Dallas Cowboys,Tampa Bay Buccaneers,26.0,7.0
11827,12/18/2016,2016,15,0,Denver Broncos,New England Patriots,27.0,3.0
11828,12/18/2016,2016,15,0,Houston Texans,Jacksonville Jaguars,37.0,11.0
11829,12/18/2016,2016,15,0,Kansas City Chiefs,Tennessee Titans,2.0,2.0
11830,12/18/2016,2016,15,0,Minnesota Vikings,Indianapolis Colts,72.0,0.0
11831,12/18/2016,2016,15,0,New York Giants,Detroit Lions,48.0,4.0
11832,12/18/2016,2016,15,0,San Diego Chargers,Oakland Raiders,60.0,2.0
11833,12/19/2016,2016,15,0,Washington Redskins,Carolina Panthers,30.0,3.0
11834,12/22/2016,2016,16,0,Philadelphia Eagles,New York Giants,41.0,8.0
11835,12/24/2016,2016,16,0,Buffalo Bills,Miami Dolphins,35.0,7.0
11836,12/24/2016,2016,16,0,Carolina Panthers,Atlanta Falcons,52.0,4.0
11837,12/24/2016,2016,16,0,Chicago Bears,Washington Redskins,35.0,1.0
11838,12/24/2016,2016,16,0,Cleveland Browns,San Diego Chargers,37.0,10.0
11839,12/24/2016,2016,16,0,Green Bay Packers,Minnesota Vikings,35.0,4.0
11840,12/24/2016,2016,16,0,Houston Texans,Cincinnati Bengals,72.0,8.0
11841,12/24/2016,2016,16,0,Jacksonville Jaguars,Tennessee Titans,65.0,2.0
11842,12/24/2016,2016,16,0,Los Angeles Rams,San Francisco 49ers,55.0,7.0
11843,12/24/2016,2016,16,0,New England Patriots,New York Jets,40.0,4.0
11844,12/24/2016,2016,16,0,New Orleans Saints,Tampa Bay Buccaneers,72.0,0.0
11845,12/24/2016,2016,16,0,Oakland Raiders,Indianapolis Colts,48.0,5.0
11846,12/24/2016,2016,16,0,Seattle Seahawks,Arizona Cardinals,39.0,2.0
11847,12/25/2016,2016,16,0,Kansas City Chiefs,Denver Broncos,60.0,11.0
11848,12/25/2016,2016,16,0,Pittsburgh Steelers,Baltimore Ravens,39.0,4.0
11849,12/26/2016,2016,16,0,Dallas Cowboys,Detroit Lions,65.0,0.0
11850,1/1/2017,2016,17,0,Atlanta Falcons,New Orleans Saints,72.0,0.0
11851,1/1/2017,2016,17,0,Cincinnati Bengals,Baltimore Ravens,38.0,1.0
11852,1/1/2017,2016,17,0,Denver Broncos,Oakland Raiders,48.0,3.0
11853,1/1/2017,2016,17,0,Detroit Lions,Green Bay Packers,72.0,0.0
11854,1/1/2017,2016,17,0,Indianapolis Colts,Jacksonville Jaguars,72.0,0.0
11855,1/1/2017,2016,17,0,Los Angeles Rams,Arizona Cardinals,56.0,1.0
11856,1/1/2017,2016,17,0,Miami Dolphins,New England Patriots,80.0,10.0
11857,1/1/2017,2016,17,0,Minnesota Vikings,Chicago Bears,72.0,0.0
11858,1/1/2017,2016,17,0,New York Jets,Buffalo Bills,45.0,8.0
11859,1/1/2017,2016,17,0,Philadelphia Eagles,Dallas Cowboys,48.0,6.0
11860,1/1/2017,2016,17,0,Pittsburgh Steelers,Cleveland Browns,38.0,1.0
11861,1/1/2017,2016,17,0,San Diego Chargers,Kansas City Chiefs,56.0,4.0
11862,1/1/2017,2016,17,0,San Francisco 49ers,Seattle Seahawks,52.0,6.0
11863,1/1/2017,2016,17,0,Tampa Bay Buccaneers,Carolina Panthers,76.0,7.0
11864,1/1/2017,2016,17,0,Tennessee Titans,Houston Texans,49.0,2.0
11865,1/1/2017,2016,17,0,Washington Redskins,New York Giants,52.0,1.0
11866,1/7/2017,2016,18,1,Houston Texans,Oakland Raiders,72.0,0.0
11867,1/7/2017,2016,18,1,Seattle Seahawks,Detroit Lions,38.0,7.0
11868,1/8/2017,2016,18,1,Green Bay Packers,New York Giants,14.0,7.0
11869,1/8/2017,2016,18,1,Pittsburgh Steelers,Miami Dolphins,17.0,16.0
11870,1/14/2017,2016,19,1,Atlanta Falcons,Seattle Seahawks,72.0,0.0
11871,1/14/2017,2016,19,1,New England Patriots,Houston Texans,28.0,6.0
11872,1/15/2017,2016,19,1,Dallas Cowboys,Green Bay Packers,72.0,0.0
11873,1/15/2017,2016,19,1,Kansas City Chiefs,Pittsburgh Steelers,33.0,9.0
11874,1/22/2017,2016,20,1,Atlanta Falcons,Green Bay Packers,72.0,0.0
11875,1/22/2017,2016,20,1,New England Patriots,Pittsburgh Steelers,41.0,10.0
11876,2/5/2017,2016,22,1,Atlanta Falcons,New England Patriots,72.0,0.0
